"","hpi_category","status","experiment","culturepoint","total","donor","hpi","powerful","plaus","ultraplaus","low","medpower","medlogpower","medfreq","medofplaus","medofultraplaus","powerbeatin"
"1","early","distant","cilia",4,655360,3,1,0.706484985351562,0.983805847167969,0.588871765136719,0.386177062988281,0.0003445025504333,-3.46280755856645,7.75,7.75,9.75,0.702081298828125
"2","early","distant","cilia",5,655360,4,1,0.812930297851562,0.3767822265625,0.351228332519531,0.0249282836914063,0.00097174954134965,-3.01244565567765,15.25,13.5,13.75,0.311541748046875
"3","early","distant","cilia",8,655360,2,1,0.829112243652344,0.966513061523438,0.529832458496094,0.425814819335938,0.00072602060390635,-3.13905105418164,7.75,7.25,10.5,0.803352355957031
"4","early","distant","longcilia2",2,1310720,3,2,0.910413360595703,0.9730224609375,0.734280395507813,0.228311157226563,0.0010536925983615,-2.97728607062959,7.33333333333333,7.33333333333333,8,0.903472137451172
"5","early","distant","longcilia2",3,1310720,5,2,0.617513275146484,0.786964416503906,0.619998168945312,0.155535125732422,0.0003924537741113,-3.40621149007966,7,6,6.66666666666667,0.610181427001953
"6","early","distant","longcilia2",6,1310720,5,2,0.718522644042969,0.778230285644531,0.396421051025391,0.361922454833984,0.0010660236002877,-2.97223318052419,6.33333333333333,2.33333333333333,9.33333333333333,0.617459869384766
"7","early","distant","longcilia2",7,1310720,7,2,0.946961975097656,0.934102630615234,0.813976287841797,0.117783355712891,0.0018037720001302,-2.74381835889117,11,10.6666666666667,11.3333333333333,0.897738647460937
"8","early","distant","longcilia2",10,1310720,7,2,0.753645324707031,0.914281463623047,0.492706298828125,0.401197814941406,0.0006353572243824,-3.19698202753574,4,3,7,0.749842071533203
"9","early","distant","longcilias",3,655360,4,2,0.437823486328125,0.966058349609375,0.355274963378906,0.601788330078125,0.00014904576528345,-3.82668035871378,0.666666666666667,0.666666666666667,10,0.430908203125
"10","early","distant","longcilias",4,655360,4,2,0.281808471679687,0.94915771484375,0.805305480957031,0.1416015625,8.92206298885867e-05,-4.04953471500864,9.33333333333333,9.33333333333333,9.66666666666667,0.274331665039062
"11","early","distant","longcilias",5,655360,7,2,0.467045593261719,0.9560791015625,0.5920166015625,0.357673645019531,0.00017196092812805,-3.76457021952278,10.6666666666667,10.3333333333333,12,0.452940368652344
"12","early","distant","longcilias",6,655360,7,2,0.244842529296875,0.936598205566406,0.780860900878906,0.151673889160156,7.09944579284638e-05,-4.14877555251191,11.6666666666667,11.3333333333333,11.6666666666667,0.23472900390625
"13","early","distant","longcilias",11,655360,8,2,0.670648193359375,0.938572692871094,0.711801147460937,0.223793029785156,0.0003592643042793,-3.4445859312109,10.6666666666667,10.6666666666667,11.3333333333333,0.642098999023437
"14","early","distant","longcilias",12,655360,8,2,0.59759521484375,0.946347045898438,0.601795959472656,0.341519165039062,0.0003009998617926,-3.5214337038172,10.3333333333333,10,11.6666666666667,0.571302795410156
"15","early","distant","multicilia",1,2490368,8,5,0.556787992778577,0.813309518914474,0.550345169870477,0.256309910824424,0.0002241991824121,-3.64936597548129,8.33333333333333,7.66666666666667,8.66666666666667,0.522784182899877
"16","early","distant","multicilia",2,2686976,8,5,0.196693234327363,0.494467758550877,0.453304011647294,0.0370468511814024,0.0001082517774193,-3.96556496410114,15.3333333333333,9,9.33333333333333,0.162380683712843
"17","early","distant","multicilia",6,2424832,7,5,0.5003286825644,0.73296088141364,0.428145949904983,0.294638968802787,0.00020019306975875,-3.6985509609108,7.33333333333333,6,7.66666666666667,0.463671297640414
"18","early","distant","multicilia",7,2097152,7,5,0.409783363342285,0.683584213256836,0.314818382263184,0.364964485168457,0.0001597521913936,-3.79655317571341,10.6666666666667,1,11,0.357997417449951
"19","early","distant","ruxcilia",5,655360,3,1,0.315673828125,0.872760009765625,0.662760925292969,0.209140014648438,8.62734887050464e-05,-4.064122639719,9.5,9,10,0.311024475097656
"20","early","distant","ruxcilia",6,655360,3,1,0.479136657714844,0.915782165527344,0.243678283691406,0.670492553710938,0.0001808710148907,-3.74263102454209,0.25,0.25,11.25,0.451304626464844
"21","early","infected","multicilia",1,45,8,5,0.177777777777778,0.466666666666667,0.377777777777778,0.0888888888888889,7.29561143089086e-05,-4.13693830487616,21,8,9.66666666666667,0.177777777777778
"22","early","infected","multicilia",2,71,8,5,0.028169014084507,0.408450704225352,0.394366197183099,0.0140845070422535,4.21205550082959e-05,-4.37550591489747,21,6,7.16666666666667,0.0140845070422535
"23","early","infected","multicilia",6,230,7,5,0.0434782608695652,0.347826086956522,0.269565217391304,0.0782608695652174,9.53270828176755e-05,-4.02078370729142,21.5,7.33333333333333,7.33333333333333,0.0260869565217391
"24","early","infected","multicilia",7,5,7,5,0,0.8,0.6,0.2,9.32836628635414e-05,-4.03019440930255,9,8.16666666666667,9,0
"25","early","mock","cilia",3,524288,3,1,0.736249923706055,0.9781494140625,0.674148559570312,0.294025421142578,0.0004029531264677,-3.39474547023757,8.25,8.25,9.5,0.731016159057617
"26","early","mock","cilia",6,720896,4,1,0.77098915793679,0.613808371803977,0.558006980202415,0.0550287420099432,0.00095992739079515,-3.01776161588823,14.25,12.75,13,0.495584661310369
"27","early","mock","cilia",7,655360,2,1,0.794317626953125,0.817420959472656,0.429208374023437,0.381202697753906,0.00058276587515135,-3.23450588701078,10.75,3.5,12,0.7101318359375
"28","early","mock","longcilia2",1,1310720,3,2,0.191082000732422,0.475434875488281,0.394058227539062,0.0702499389648437,8.77437232702505e-05,-4.05678394092022,17,5,6,0.179420471191406
"29","early","mock","longcilia2",4,1310720,5,2,0.956443786621094,0.987816619873047,0.392858123779297,0.573081970214844,0.001141304266639,-2.94259855916931,1.33333333333333,1.33333333333333,7.33333333333333,0.950614929199219
"30","early","mock","longcilia2",5,1310720,5,2,0.965802764892578,0.927017211914062,0.703225708007812,0.216520690917969,0.0022992318263277,-2.63841723759608,11,10.6666666666667,11.3333333333333,0.901950836181641
"31","early","mock","longcilia2",8,1310720,7,2,0.873112487792969,0.94866943359375,0.763265228271484,0.179936981201172,0.0011396783520467,-2.94321770098304,9.33333333333333,9.33333333333333,10,0.846732330322266
"32","early","mock","longcilia2",9,1310720,7,2,0.398403167724609,0.631289672851562,0.574359893798828,0.0389442443847656,0.0001117041210818,-3.95193080423381,9.33333333333333,6.66666666666667,7,0.389456939697266
"33","early","mock","longcilias",1,655360,4,2,0.467951965332031,0.984869384765625,0.38238525390625,0.569194030761719,0.00017720612231635,-3.75152127769953,1.33333333333333,1.33333333333333,8.33333333333333,0.464117431640625
"34","early","mock","longcilias",2,655360,4,2,0.214738464355469,0.956242370605469,0.690406799316406,0.260585021972656,5.52337096451083e-05,-4.25779578741039,9,9,10,0.210035705566406
"35","early","mock","longcilias",7,655360,7,2,0.337556457519531,0.924031066894531,0.691105651855469,0.230947875976562,9.22679719224106e-05,-4.03494902521307,11.6666666666667,11.3333333333333,12,0.317146301269531
"36","early","mock","longcilias",8,655360,7,2,0.337396240234375,0.893313598632812,0.679277038574219,0.211813354492187,0.0001056251203408,-3.97623278324196,12.3333333333333,12,12.6666666666667,0.307215881347656
"37","early","mock","longcilias",9,655360,8,2,0.695962524414062,0.905624389648438,0.642008972167969,0.259425354003906,0.00034575705649325,-3.46122894769465,11.3333333333333,11,12,0.637509155273438
"38","early","mock","longcilias",10,655360,8,2,0.764155578613281,0.950056457519531,0.687847900390625,0.259835815429687,0.0004414931318024,-3.35507604824722,10.6666666666667,10.3333333333333,11.3333333333333,0.730378723144531
"39","early","mock","multicilia",4,3538944,8,5,0.389437922724971,0.773893003110532,0.383308975784867,0.383462411385995,0.00014940043183735,-3.82564814720397,8,2,9,0.372874789767795
"40","early","mock","multicilia",5,1966080,8,5,0.660918680826823,0.878116861979167,0.506507873535156,0.363190714518229,0.00028888946690125,-3.53926829252897,8,7,9.33333333333333,0.632452392578125
"41","early","mock","multicilia",8,2031616,7,5,0.446070025044103,0.701373684790827,0.500008859942036,0.193103913337954,0.0001754502081894,-3.75584611211444,9,6.66666666666667,7.66666666666667,0.407059208039315
"42","early","mock","multicilia",9,2228224,7,5,0.172620436724494,0.368395188275505,0.229861539952895,0.130317687988281,9.48656925174873e-05,-4.02289081859671,24.3333333333333,4.33333333333333,7.66666666666667,0.143570395076976
"43","early","mock","ruxcilia",7,655360,3,1,0.536225891113281,0.914912414550781,0.330923461914063,0.579420471191406,0.0002247239099233,-3.64835071754511,0.75,0.5,11.5,0.496565246582031
"44","early","near","multicilia",1,458707,8,5,0.311787262893307,0.696608074435315,0.495575607086877,0.193563647382752,0.000130878019263,-3.88313328633212,9,7.33333333333333,8.33333333333333,0.291113935475151
"45","early","near","multicilia",2,458681,8,5,0.125871793250647,0.414305366910772,0.360411702250584,0.0499170447435146,8.7064974650275e-05,-4.060156522092,21.3333333333333,7.66666666666667,8.33333333333333,0.106145665506092
"46","early","near","multicilia",6,65306,7,5,0.108856766606437,0.404067007625639,0.371344133770251,0.0283894282301779,0.0001033444787026,-3.9857127211403,21.6666666666667,8.33333333333333,8.66666666666667,0.0780479588399228
"47","early","near","multicilia",7,65531,7,5,0.436633043902886,0.750820222490119,0.205109032366361,0.54265919946285,0.0001781020691851,-3.74933103488571,0.666666666666667,0.333333333333333,11,0.408615769635745
"48","24","distant","cilia",4,458752,3,24,0.625226702008929,0.962267194475446,0.651585170200893,0.310169764927455,0.0003289725427748,-3.48284034831193,6.25,6,7.25,0.620520455496652
"49","24","distant","cilia",5,458752,4,24,0.335726056780134,0.649987357003348,0.438020978655134,0.207107543945312,0.0001502540035289,-3.82317394736304,5.75,3.75,4.75,0.30088370186942
"50","24","distant","cilia",8,327680,2,24,0.38138427734375,0.834234619140625,0.528964233398437,0.3033935546875,0.0001618765018065,-3.79081618942851,5,4.25,5.75,0.368673706054688
"51","24","distant","longcilia2",2,1441792,3,24,0.871177673339844,0.970938942649148,0.677225286310369,0.292828646573153,0.001174998935312,-2.92996252691423,6.66666666666667,6.33333333333333,7,0.867599487304688
"52","24","distant","longcilia2",3,1507328,5,24,0.789796912151834,0.93652808147928,0.795820153277853,0.13953101116678,0.00080025760689745,-3.09677018895251,6.66666666666667,6.33333333333333,6.66666666666667,0.786512291949728
"53","24","distant","longcilia2",6,1507328,5,24,0.762428615404212,0.920676189920177,0.635131172511889,0.283256862474524,0.0010632216581143,-2.97337618527996,8,7.66666666666667,9,0.754417751146399
"54","24","distant","longcilia2",7,1310720,7,24,0.717066955566406,0.92864990234375,0.864756774902344,0.0630989074707031,0.0004614214849425,-3.33590218750613,8,8,8,0.702928924560547
"55","24","distant","longcilia2",10,1638400,7,24,0.778861694335938,0.960142822265625,0.766575317382812,0.192070922851562,0.00060410206788215,-3.21888967764885,5.66666666666667,5.33333333333333,6,0.7764404296875
"56","24","distant","longcilias",3,1703936,4,24,0.552070617675781,0.812711862417368,0.521004896897536,0.288321274977464,0.00023224988399305,-3.63404449426263,6.66666666666667,5.66666666666667,7.33333333333333,0.533034104567308
"57","24","distant","longcilias",4,1441792,4,24,0.267616271972656,0.571370905095881,0.481955094770952,0.084929726340554,0.0001260781209566,-3.89936027244551,10,5.66666666666667,6.33333333333333,0.238714738325639
"58","24","distant","longcilias",5,1769472,7,24,0.93283533166956,0.951954029224537,0.725465562608507,0.223982069227431,0.0009734363993629,-3.01169241836905,11.3333333333333,11,11.6666666666667,0.907116925274884
"59","24","distant","longcilias",6,1179648,7,24,0.932543436686198,0.95106930202908,0.672659132215712,0.271193610297309,0.0009100762836169,-3.04092220310413,11.3333333333333,11.3333333333333,12,0.90444098578559
"60","24","distant","longcilias",11,1048576,8,24,0.436882972717285,0.742015838623047,0.395974159240723,0.343132972717285,0.000171073283127,-3.76681780984243,6,3.66666666666667,7,0.418981552124023
"61","24","distant","longcilias",12,786432,8,24,0.747720082600911,0.906785329182943,0.570805867513021,0.334229787190755,0.0004095810872968,-3.38766010543138,8.33333333333333,8,9.33333333333333,0.73269780476888
"62","24","distant","multicilia",1,2228224,8,24,0.67434378231273,0.870346518123851,0.576505773207721,0.290900286506204,0.00035794040013565,-3.44618928075091,8,7,8.66666666666667,0.656631020938649
"63","24","distant","multicilia",2,3211264,8,24,0.353922629842953,0.643285945970185,0.553432853854432,0.0861358642578125,0.0001330369705101,-3.87602765333851,10.3333333333333,8.66666666666667,9.33333333333333,0.326150699537628
"64","24","distant","multicilia",6,2424832,7,24,0.501212867530617,0.77800482672614,0.747233622782939,0.0289380872571791,0.0002006077993428,-3.69765218624239,7.33333333333333,6.66666666666667,7,0.48147253088049
"65","24","distant","multicilia",7,2031616,7,24,0.706825010238155,0.879666236139113,0.648535451581401,0.229811145413306,0.0004205322620691,-3.37620068072006,9.66666666666667,9,10,0.683612946541079
"66","24","distant","ruxcilia",5,720896,3,24,0.358639803799716,0.845101096413352,0.731263594193892,0.111889925870028,9.6448500698898e-05,-4.01570451912372,6,5.66666666666667,6,0.356903076171875
"67","24","distant","ruxcilia",6,655360,3,24,0.196284484863281,0.741656494140625,0.635536193847656,0.102099609375,2.35175239140517e-05,-4.62860840568585,6,5.33333333333333,5.66666666666667,0.195697021484375
"68","24","infected","cilia",4,482,3,24,0.995850622406639,0.99792531120332,0.298755186721992,0.699170124481328,0.00081661538570185,-3.0879824418811,0.25,0.25,10.25,0.993775933609959
"69","24","infected","cilia",5,2769,4,24,0.130010834236186,0.566630552546046,0.19501625135428,0.364030335861322,0.000123418183648,-3.90862084940968,7.5,0.25,5.25,0.111592632719393
"70","24","infected","cilia",8,773,2,24,0.11901681759379,0.609314359637775,0.21862871927555,0.389391979301423,0.0001255138340638,-3.90130840385262,5.75,0.5,5.75,0.113842173350582
"71","24","infected","longcilia2",2,671,3,24,0.669150521609538,0.949329359165425,0.688524590163934,0.256333830104322,0.0005548191838897,-3.2558485308118,5.66666666666667,5.66666666666667,6.66666666666667,0.669150521609538
"72","24","infected","longcilia2",3,1285,5,24,0.021011673151751,0.306614785992218,0.2715953307393,0.0101167315175097,5.66943017474841e-05,-4.24646058914916,28,8.66666666666667,8.66666666666667,0.0116731517509728
"73","24","infected","longcilia2",7,738,7,24,0.360433604336043,0.738482384823848,0.731707317073171,0.0040650406504065,8.18576190795284e-05,-4.08695448833068,10,7.33333333333333,7.33333333333333,0.360433604336043
"74","24","infected","longcilia2",10,873,7,24,0.465063001145475,0.761741122565865,0.211912943871707,0.549828178694158,4.3010753870476e-05,-4.36642294528784,0.333333333333333,0.333333333333333,9,0.465063001145475
"75","24","infected","longcilias",3,2495,4,24,0.0997995991983968,0.345090180360721,0.300200400801603,0.0404809619238477,7.9120545706246e-05,-4.1017107260065,26.3333333333333,6.33333333333333,8.66666666666667,0.0288577154308617
"76","24","infected","longcilias",4,4242,4,24,0.147336162187647,0.286421499292786,0.248703441772749,0.0363036303630363,9.79372380243149e-05,-4.00905214789506,27.3333333333333,7.33333333333333,7.66666666666667,0.0447901933050448
"77","24","infected","longcilias",6,156,7,24,0.461538461538462,0.493589743589744,0.301282051282051,0.121794871794872,9.41096768655983e-05,-4.03113749506011,16.6666666666667,12,12.3333333333333,0.416666666666667
"78","24","infected","longcilias",11,16,8,24,1,1,0.75,0.25,0.00037491416151165,-3.42610616705327,5,5,5.33333333333333,1
"79","24","infected","longcilias",12,53,8,24,0.962264150943396,1,0.735849056603774,0.264150943396226,0.0007995901396498,-3.09713257013432,9,9,9.33333333333333,0.962264150943396
"80","24","infected","multicilia",1,28537,8,24,0.499632056628237,0.78746890002453,0.669026176542734,0.116235063251218,0.0001998636871576,-3.69926610482957,8.66666666666667,7.33333333333333,7.66666666666667,0.484563899498896
"81","24","infected","multicilia",2,7500,8,24,0.183866666666667,0.370133333333333,0.338666666666667,0.0256,0.000112495785288,-3.9488637483138,25.6666666666667,6,6,0.1172
"82","24","infected","multicilia",6,7859,7,24,0.460872884590915,0.736734953556432,0.706196717139585,0.0255757729991093,0.0001781622850103,-3.74918422591901,9.33333333333333,8.66666666666667,8.66666666666667,0.450184501845018
"83","24","infected","multicilia",7,8782,7,24,0.657139603734912,0.819175586426782,0.779093600546573,0.0386016852653154,0.0004125320410821,-3.38454231458886,10.6666666666667,10,10.3333333333333,0.628558414939649
"84","24","infected","ruxcilia",5,4001,3,24,0.478880279930017,0.824793801549613,0.737065733566608,0.0839790052486878,0.0001830082765081,-3.73752926895527,6,5.66666666666667,6,0.477630592351912
"85","24","infected","ruxcilia",6,7604,3,24,0.153997895844292,0.773671751709627,0.718832193582325,0.0477380326144135,4.25742146035191e-05,-4.37085335502723,6.66666666666667,5.33333333333333,6,0.153997895844292
"86","24","mock","cilia",3,458752,3,24,0.44179207938058,0.921445574079241,0.698865618024554,0.22127205984933,0.00016956964827835,-3.77065188064582,6.25,6,6.75,0.438550676618304
"87","24","mock","cilia",6,655360,4,24,0.43173828125,0.649044799804688,0.569300842285156,0.0705307006835938,0.00017628609930395,-3.75378193179459,5.75,4.5,4.75,0.364256286621094
"88","24","mock","cilia",7,589824,2,24,0.469804551866319,0.769037882486979,0.630706787109375,0.135806613498264,0.000186204095371,-3.73001077138308,6.25,5.5,6,0.446500990125868
"89","24","mock","longcilia2",1,1835008,3,24,0.895556313650949,0.984727042061942,0.558826446533203,0.42481940133231,0.00104419898707415,-2.98121673241276,5.66666666666667,5.66666666666667,7.33333333333333,0.892200469970703
"90","24","mock","longcilia2",4,1835008,5,24,0.884082794189453,0.972746712820871,0.518506731305804,0.452607291085379,0.00124748656526205,-2.90396412278999,5,4.66666666666667,6.66666666666667,0.881915501185826
"91","24","mock","longcilia2",5,1835008,5,24,0.778680528913225,0.935698372977121,0.769260406494141,0.165789467947824,0.00082703810767265,-3.08247447887477,8.66666666666667,8.66666666666667,9,0.767107282366071
"92","24","mock","longcilia2",8,1835008,7,24,0.779108319963728,0.925060817173549,0.626354762486049,0.293943677629743,0.0008950164483394,-3.0481689832794,7.66666666666667,7.66666666666667,8.66666666666667,0.768558502197266
"93","24","mock","longcilia2",9,1835008,7,24,0.706971304757254,0.959249768938337,0.9059693472726,0.0516504560198103,0.0004035001766169,-3.39415627084614,5,5,5.33333333333333,0.704353332519531
"94","24","mock","longcilias",1,1376256,4,24,0.407953171502976,0.714842296781994,0.347284952799479,0.363330659412202,0.00015541513130295,-3.80850670032691,6.33333333333333,1.33333333333333,7,0.389234270368304
"95","24","mock","longcilias",2,1441792,4,24,0.292798128995028,0.581844676624645,0.523377158425071,0.0540826970880682,0.0001324581826338,-3.87792120789948,9.66666666666667,5.66666666666667,6,0.260679765181108
"96","24","mock","longcilias",7,1179648,7,24,0.853626675075955,0.932184855143229,0.623541937934028,0.303758409288194,0.00075620575807985,-3.12136002005393,10.3333333333333,10,11,0.831455654568142
"97","24","mock","longcilias",8,1179648,7,24,0.934026930067274,0.954096476236979,0.582592434353299,0.369393242730035,0.00105614832136775,-2.97627508688914,10.6666666666667,10.6666666666667,11.6666666666667,0.911144680447049
"98","24","mock","longcilias",9,1048576,8,24,0.627240180969238,0.846774101257324,0.499770164489746,0.344752311706543,0.0003066850767936,-3.51330735615213,7,6,8,0.612438201904297
"99","24","mock","longcilias",10,1179648,8,24,0.539918687608507,0.813034057617188,0.482252332899306,0.327792697482639,0.0002230107711511,-3.65167416054594,7.33333333333333,5.66666666666667,8.33333333333333,0.523052639431424
"100","24","mock","multicilia",4,3866624,8,24,0.510316234523967,0.835140680862685,0.503054602671478,0.328928543349444,0.000208673387533,-3.68053293370683,8.33333333333333,7.33333333333333,9,0.499139559471001
"101","24","mock","multicilia",5,1966080,8,24,0.823671468098958,0.927958170572917,0.673743184407552,0.251914469401042,0.000620515726041,-3.20724720748318,8,7.66666666666667,8.33333333333333,0.803564961751302
"102","24","mock","multicilia",8,2490368,7,24,0.629387303402549,0.828916047748766,0.716813338430304,0.110725001284951,0.0003081114700762,-3.51129213388665,7.33333333333333,7,7.33333333333333,0.606740851151316
"103","24","mock","multicilia",9,2228224,7,24,0.215761970071232,0.501946393181296,0.47600690056296,0.0216378604664522,0.00011463054397605,-3.94069964665469,14.6666666666667,6,6,0.185872695025276
"104","24","mock","ruxcilia",7,720896,3,24,0.259302312677557,0.847765835848722,0.691098299893466,0.153447931463068,7.09016421751585e-05,-4.14934370587181,6.66666666666667,6.33333333333333,6.66666666666667,0.257139726118608
"105","24","near","cilia",4,130590,3,24,0.862493299640095,0.973612068305383,0.539451719120913,0.433302703116625,0.0006056039128452,-3.21781132749941,5.25,5,7.25,0.857569492304158
"106","24","near","cilia",5,193839,4,24,0.268485702051703,0.601700380212444,0.341618559732562,0.254953853455703,0.0001421881461283,-3.84713660814671,5.5,3,4.25,0.234436826438436
"107","24","near","cilia",8,195835,2,24,0.473582352490617,0.824944468557714,0.634043965583272,0.188714989659662,0.0001872111461125,-3.72766829795342,6,5.25,6,0.457773125335104
"108","24","near","longcilia2",2,261473,3,24,0.600689172495822,0.938448711721669,0.512898081255044,0.423745472763918,0.0003535605792421,-3.45153616326308,5.33333333333333,4.33333333333333,7.33333333333333,0.598421251907463
"109","24","near","longcilia2",3,195323,5,24,0.0732530219175417,0.390542844416684,0.353716664192133,0.0324692944507303,5.73895194975194e-05,-4.24116741143442,24,5.66666666666667,5.66666666666667,0.0639197636735049
"110","24","near","longcilia2",7,326942,7,24,0.460020431758538,0.782863627187697,0.747248747484263,0.0344709459170128,0.0001609444007044,-3.79332412792845,8.33333333333333,7.66666666666667,7.66666666666667,0.450278642695035
"111","24","near","longcilia2",10,195735,7,24,0.411357192122002,0.786256929011163,0.293360921654277,0.491031241218995,8.74383258633316e-05,-4.0582981661919,3.66666666666667,0.666666666666667,6.33333333333333,0.410703246736659
"112","24","near","longcilias",3,128577,4,24,0.353049145648133,0.546170777044106,0.368199600239545,0.175000194436019,0.0001404376380378,-3.85251648336345,12,7.66666666666667,9.66666666666667,0.293575056192009
"113","24","near","longcilias",4,126830,4,24,0.115327603879208,0.29532445005125,0.266758653315462,0.0242687061420799,9.06217064766679e-05,-4.0427677639808,28,6.66666666666667,7,0.0401403453441615
"114","24","near","longcilias",6,261988,7,24,0.614081560987526,0.803918500083973,0.633490846909019,0.163076171427699,0.0003901713644154,-3.40874460765544,11.6666666666667,11.3333333333333,11.6666666666667,0.605310166877872
"115","24","near","longcilias",11,65520,8,24,0.871138583638584,0.974221611721612,0.315308302808303,0.658089133089133,0.00060493333148765,-3.21829248549873,0.666666666666667,0.666666666666667,7.33333333333333,0.865140415140415
"116","24","near","longcilias",12,131019,8,24,0.408933055511033,0.615345865866783,0.508208733084514,0.103740678832841,0.0001282955490751,-3.89178841023188,11,9.33333333333333,9.66666666666667,0.387020203176638
"117","24","near","multicilia",1,1740935,8,24,0.616899539615207,0.819382688038324,0.659145229431311,0.157133953881104,0.0002839812077581,-3.54671039811138,8.33333333333333,7.66666666666667,8.33333333333333,0.59192790081192
"118","24","near","multicilia",2,516788,8,24,0.189439383267413,0.40126318722571,0.365577374087634,0.0315796806427394,0.0001057714616763,-3.97563149400587,22.6666666666667,5.66666666666667,6.33333333333333,0.134190422378229
"119","24","near","multicilia",6,581965,7,24,0.488101518132534,0.752495424982602,0.722959284493054,0.0272679628499996,0.0001939923531608,-3.71221538886112,9.33333333333333,8.33333333333333,8.66666666666667,0.466002250994476
"120","24","near","multicilia",7,1826226,7,24,0.719479407258466,0.848137634662961,0.810442957224352,0.0363750160166376,0.0004986061248928,-3.30224239091486,10.6666666666667,10.3333333333333,10.3333333333333,0.683576950497912
"121","24","near","ruxcilia",5,454751,3,24,0.440784077440182,0.906131047540302,0.776781139568687,0.127568713427788,0.0001545174018247,-3.81102260302969,5.33333333333333,5.33333333333333,5.66666666666667,0.438492713594912
"122","24","near","ruxcilia",6,778828,3,24,0.128608627322079,0.713552928246031,0.639591796905093,0.0705367552270848,3.3505137253087e-05,-4.47488859864629,6.66666666666667,5.66666666666667,5.66666666666667,0.128193901606003
"123","48","distant","cilia",4,524288,3,48,0.608230590820312,0.9127197265625,0.756074905395508,0.155246734619141,0.0003165946836816,-3.49949638216849,7.5,7,7.5,0.602214813232422
"124","48","distant","cilia",5,655360,4,48,0.474290466308594,0.690347290039062,0.661116027832031,0.022021484375,0.0001851663255365,-3.73243799153865,5.75,4.75,5,0.443440246582031
"125","48","distant","cilia",8,393216,2,48,0.533376057942708,0.843762715657552,0.801989237467448,0.0405222574869792,0.00022853619884695,-3.64104500035463,7.25,6.75,6.75,0.523770650227865
"126","48","distant","longcilia2",2,1638400,3,48,0.91853515625,0.976522827148438,0.751007690429688,0.22410400390625,0.0015346880536526,-2.81397988751266,7,7,7.33333333333333,0.910982055664063
"127","48","distant","longcilia2",3,2162688,5,48,0.804943200313684,0.930439804539536,0.74766494288589,0.181549072265625,0.0010092463344335,-2.99600281926538,6.66666666666667,6.66666666666667,7,0.799982244318182
"128","48","distant","longcilia2",6,2424832,5,48,0.809472161370355,0.937984157252956,0.701672115841427,0.235712412241343,0.00116162910126145,-2.93493251651414,8.66666666666667,8.33333333333333,9.66666666666667,0.796321147197002
"129","48","distant","longcilia2",7,1572864,7,48,0.740399042765299,0.931812286376953,0.873207728068034,0.0576438903808594,0.00053153326734895,-3.27446954887552,9,8.66666666666667,9,0.72604242960612
"130","48","distant","longcilia2",10,1835008,7,48,0.773753574916295,0.960673195975167,0.825611659458705,0.134039197649275,0.00057606716291045,-3.23952687980427,6,6,6.33333333333333,0.77043206351144
"131","48","distant","longcilias",3,786432,4,48,0.748584747314453,0.882837931315104,0.743480682373047,0.137711842854818,0.000538402586244,-3.26889286264603,8,7.66666666666667,8,0.727615356445312
"132","48","distant","longcilias",4,1114112,4,48,0.380124260397518,0.635486378389246,0.534656300264246,0.0964651668772978,0.00015728808648415,-3.8033041710203,8.66666666666667,6.33333333333333,7,0.334929522346048
"133","48","distant","longcilias",5,1441792,7,48,0.882545471191406,0.946080294522372,0.702173406427557,0.240737221457741,0.0007832089904695,-3.1061223359034,10.6666666666667,10.6666666666667,11.3333333333333,0.857036937366832
"134","48","distant","longcilias",6,1245184,7,48,0.852518182051809,0.856550517835115,0.691974037571957,0.162914878443668,0.000914394040592,-3.0388666130442,12,11.6666666666667,12,0.781300594932155
"135","48","distant","longcilias",11,720896,8,48,0.826711481267756,0.94982216574929,0.367041847922585,0.580720381303267,0.00069353237631725,-3.15893325986169,0.666666666666667,0.666666666666667,9.33333333333333,0.817052667791193
"136","48","distant","longcilias",12,393216,8,48,0.819234212239583,0.900428771972656,0.639856974283854,0.259422302246094,0.0008734523726161,-3.05876077115506,9.33333333333333,9,9.66666666666667,0.799306233723958
"137","48","distant","ruxcilia",5,196608,3,48,0.0489552815755208,0.570816040039062,0.518483479817708,0.0471140543619792,1.08122794699738e-05,-4.96608273741882,9,5.66666666666667,5.66666666666667,0.0484975179036458
"138","48","distant","ruxcilia",6,131072,3,48,0.09527587890625,0.705528259277344,0.600730895996094,0.0984954833984375,1.03975157799141e-05,-4.98307041210109,5.33333333333333,4.66666666666667,5,0.0951004028320312
"139","48","infected","cilia",4,10574,3,48,0.660204274635899,0.811897106109325,0.711272933610743,0.0974087384149801,0.0003017201815964,-3.52039567418826,5.75,4.5,5.25,0.580196708908644
"140","48","infected","cilia",5,38889,4,48,0.14181388053177,0.437938748746432,0.409113116819666,0.023837074751215,7.70064725656994e-05,-4.1134727698739,20,5.25,5.75,0.126719637943892
"141","48","infected","cilia",8,13336,2,48,0.460407918416317,0.701409718056389,0.680188962207559,0.0170965806838632,0.00017859633226175,-3.74812746428064,6.75,6.25,6.25,0.44503599280144
"142","48","infected","longcilia2",2,55713,3,48,0.0718144777699998,0.680702888015364,0.627537558559044,0.0495037064957909,2.49969143624185e-05,-4.60211359765122,7,5.33333333333333,5.33333333333333,0.0713657494660133
"143","48","infected","longcilia2",3,9905,5,48,0.01665825340737,0.237455830388693,0.195961635537607,0.0411913175164059,6.70944355078973e-05,-4.17331349664805,36.3333333333333,6.66666666666667,7.66666666666667,0.00393740535083291
"144","48","infected","longcilia2",7,29144,7,48,0.451207795772715,0.773126544057096,0.716133681032116,0.0555517430688993,0.0001406424562446,-3.85188365374821,10.3333333333333,9.33333333333333,9.66666666666667,0.437208344770793
"145","48","infected","longcilia2",10,37965,7,48,0.141498748847623,0.831845120505729,0.340471486895825,0.489898590807323,2.52828776865499e-05,-4.59717349636027,3.66666666666667,0.666666666666667,6.33333333333333,0.141050967996839
"146","48","infected","longcilias",3,122065,4,48,0.464219882849302,0.658944005243108,0.605726457215418,0.0507598410682833,0.000163792312378,-3.78570648578783,10,8,8.33333333333333,0.437946995453242
"147","48","infected","longcilias",4,101891,4,48,0.168955059818826,0.378276785977172,0.339647270121993,0.0335063940877997,0.0001005580561468,-3.99758313043823,23.6666666666667,5.33333333333333,5.33333333333333,0.106309683877869
"148","48","infected","longcilias",5,17678,7,48,0.13429120941283,0.487894558207942,0.397952257042652,0.0827016630840593,3.86980100302026e-05,-4.41231136717069,15.6666666666667,11.3333333333333,12,0.119300825885281
"149","48","infected","longcilias",6,8259,7,48,0.865116842232716,0.916454776607337,0.720062961617629,0.195907494854099,0.0012652634177356,-2.89781904843322,12.3333333333333,12.3333333333333,12.3333333333333,0.842838115994673
"150","48","infected","longcilias",11,101485,8,48,0.817588806227521,0.877853870030054,0.315534315416071,0.561176528551017,0.0010326404590159,-2.98605086322921,0.666666666666667,0.666666666666667,9,0.81004089274277
"151","48","infected","longcilias",12,43680,8,48,0.714789377289377,0.830563186813187,0.781639194139194,0.0477106227106227,0.00048120717110575,-3.31766790955588,10.3333333333333,10,10,0.681707875457875
"152","48","infected","ruxcilia",5,94803,3,48,0.410208537704503,0.902471440777191,0.778909950107064,0.119690305159119,0.0001251855574082,-3.90244577256111,6.33333333333333,6,6.33333333333333,0.407771905952343
"153","48","infected","ruxcilia",6,195406,3,48,0.110841018187773,0.790589848827569,0.701252776270944,0.0852890904066405,3.17068515869323e-05,-4.49884688021604,6.66666666666667,6,6.33333333333333,0.109955682015905
"154","48","mock","cilia",3,458752,3,48,0.820323399135045,0.962966918945312,0.849596296037946,0.112790788922991,0.00072785987867965,-3.13795221929762,7,7,7.25,0.815161568777902
"155","48","mock","cilia",6,655360,4,48,0.567247009277344,0.778141784667969,0.754412841796875,0.018475341796875,0.00024103420582825,-3.61792132112593,6,5.25,5.5,0.532785034179687
"156","48","mock","cilia",7,589824,2,48,0.569980197482639,0.884150187174479,0.835033840603299,0.0480228000217014,0.00029363727662705,-3.53218881250054,8,7.75,8,0.561126708984375
"157","48","mock","longcilia2",1,2162688,3,48,0.913164080995502,0.970263394442472,0.76957841352983,0.19877578272964,0.0013912566937506,-2.85659273313524,7.33333333333333,7.33333333333333,7.66666666666667,0.904309821851326
"158","48","mock","longcilia2",4,2293760,5,48,0.937642996651786,0.978086635044643,0.768845040457589,0.206841169084821,0.00168920541182155,-2.77231753586638,7,7,7.33333333333333,0.930416434151786
"159","48","mock","longcilia2",5,2359296,5,48,0.85256110297309,0.94015630086263,0.804567125108507,0.134788937038845,0.00152722524944685,-2.81609690441275,10,9.66666666666667,10,0.832870907253689
"160","48","mock","longcilia2",8,2228224,7,48,0.850654153262868,0.942815892836627,0.7183276905733,0.222330429974724,0.00135875825071705,-2.8668578057539,9.33333333333333,9,10,0.830629685345818
"161","48","mock","longcilia2",9,2293760,7,48,0.72133047921317,0.95543954031808,0.89763924734933,0.0560716901506696,0.0004344672634033,-3.36204294156056,5.66666666666667,5.33333333333333,5.66666666666667,0.717440795898437
"162","48","mock","longcilias",1,1376256,4,48,0.595501127697173,0.82537841796875,0.440093267531622,0.380902244931176,0.00027035885432265,-3.56805940259852,6.33333333333333,4.33333333333333,7.66666666666667,0.576834542410714
"163","48","mock","longcilias",2,1441792,4,48,0.317329406738281,0.608440745960582,0.515029907226562,0.0883060802112926,0.0001411581324646,-3.850294096031,9,6,6.33333333333333,0.278974359685724
"164","48","mock","longcilias",7,1179648,7,48,0.829724629720052,0.928661770290799,0.674434238009983,0.251714070638021,0.0006768594903405,-3.16950147740585,10.6666666666667,10.3333333333333,11,0.803850809733073
"165","48","mock","longcilias",8,1179648,7,48,0.883601718478733,0.947392781575521,0.603563096788194,0.339260525173611,0.00082399477832945,-3.08407554042709,10.3333333333333,10.3333333333333,11,0.861467997233073
"166","48","mock","longcilias",9,1048576,8,48,0.676756858825684,0.856427192687988,0.517963409423828,0.336019515991211,0.0004036753234686,-3.39396779804816,7.66666666666667,6.66666666666667,8.66666666666667,0.661114692687988
"167","48","mock","longcilias",10,1179648,8,48,0.651017083062066,0.838757832845052,0.58744388156467,0.249484592013889,0.00035433184530115,-3.45058981403134,8,7.33333333333333,8.33333333333333,0.633611891004774
"168","48","mock","ruxcilia",7,720896,3,48,0.383329911665483,0.88752607865767,0.654740767045455,0.229332663796165,0.0001196426528622,-3.92211396582945,6.33333333333333,6,6.66666666666667,0.379106001420455
"169","48","near","cilia",4,448178,3,48,0.765026395762398,0.915343903538326,0.761965112076005,0.152127056660523,0.00050899718189605,-3.29328462218353,6.75,6.25,7,0.737695736961654
"170","48","near","cilia",5,354327,4,48,0.219305895401705,0.521326345437971,0.492807491385077,0.0241246080597866,8.96571218618192e-05,-4.04741520679961,12.75,5.25,5.25,0.201909535542028
"171","48","near","cilia",8,183272,2,48,0.560734864027238,0.825292461478022,0.803101401196036,0.0210943297394037,0.0002460147225065,-3.60903890232698,7.5,7,7,0.546908420271509
"172","48","near","longcilia2",2,1386079,3,48,0.855839385778156,0.941514877579128,0.841146861037502,0.0995433882195748,0.0015864508459344,-2.79957337939096,7.33333333333333,7.33333333333333,7.66666666666667,0.845008112813195
"173","48","near","longcilia2",3,55631,5,48,0.0263522136938038,0.251604321331632,0.212633244054574,0.0363466412611673,6.33868839940988e-05,-4.19800059698067,35.3333333333333,6.66666666666667,7.66666666666667,0.00735201596232317
"174","48","near","longcilia2",7,2657832,7,48,0.705507722083262,0.91547208401434,0.848529177163944,0.0662792080161575,0.00053891233983445,-3.26848187196041,9.33333333333333,9,9.33333333333333,0.690283659764801
"175","48","near","longcilia2",10,1665971,7,48,0.704052471501605,0.929262274073198,0.733583597793719,0.194671455865678,0.0006278134533204,-3.2021693821049,6.66666666666667,6.66666666666667,7,0.698806281741999
"176","48","near","longcilias",3,1909551,4,48,0.677051830508847,0.842121524902975,0.708608463455545,0.131075839294159,0.0004054442979395,-3.39206880300444,8,7.33333333333333,7.66666666666667,0.657047651515985
"177","48","near","longcilias",4,619005,4,48,0.192794888571175,0.490487152769364,0.426952932528816,0.0579446046477815,0.0001003824290819,-3.99834229934831,15.6666666666667,5.66666666666667,6.33333333333333,0.158633613621861
"178","48","near","longcilias",5,768754,7,48,0.541759782713326,0.713833033714296,0.563579506578177,0.145594039185487,0.0002526878670323,-3.59741561050693,11.3333333333333,10.6666666666667,11,0.514840898388821
"179","48","near","longcilias",6,319421,7,48,0.971241715478945,0.953813305950454,0.823662188772811,0.129255747117441,0.0014579225098714,-2.83626555861722,11.3333333333333,11.3333333333333,11.6666666666667,0.935727456867269
"180","48","near","longcilias",11,881555,8,48,0.652714805088735,0.775510319832569,0.459280475977109,0.314284417875232,0.0004258969856891,-3.37069543366005,9,7,9.33333333333333,0.631942419928422
"181","48","near","longcilias",12,1594720,8,48,0.670065591451791,0.810197401424702,0.71176193940002,0.0968144878097723,0.0004049837152706,-3.39256243977409,10.3333333333333,9.66666666666667,10,0.641009079963881
"182","48","near","ruxcilia",5,1150381,3,48,0.464263578762167,0.889944288022838,0.829031425240855,0.0593499023367041,0.0001661072019487,-3.77961153733324,6.66666666666667,6.33333333333333,6.33333333333333,0.460610875875036
"183","48","near","ruxcilia",6,1377458,3,48,0.296856964059884,0.815526135824105,0.688473260164738,0.123934813257464,4.79554328194354e-05,-4.31916218495132,7,6.33333333333333,6.66666666666667,0.293579187169409
"184","72","distant","cilia",4,131072,3,72,0.581199645996094,0.862030029296875,0.722679138183594,0.138343811035156,0.00026922089455175,-3.56989123706653,7,6.75,7,0.575279235839844
"185","72","distant","cilia",5,655360,4,72,0.554147338867187,0.775494384765625,0.756971740722656,0.0156723022460937,0.00025358134007545,-3.59588270743203,6.25,5.75,6,0.539468383789062
"186","72","distant","cilia",8,524288,2,72,0.59758186340332,0.860809326171875,0.846572875976562,0.0131549835205078,0.0003022709715878,-3.5196035580308,7.5,7,7,0.587535858154297
"187","72","distant","longcilia2",2,655360,3,72,0.967381286621094,0.979286193847656,0.719248962402344,0.259390258789063,0.0016989322029985,-2.7698239515908,7.66666666666667,7.66666666666667,8,0.952532958984375
"188","72","distant","longcilia2",3,2162688,5,72,0.84226064970999,0.93572119510535,0.780359903971354,0.15355751731179,0.00126273470232255,-2.89868788413999,7.33333333333333,7,7.66666666666667,0.830816095525568
"189","72","distant","longcilia2",6,2424832,5,72,0.805982022672086,0.946345973659206,0.741742108319257,0.20365369642103,0.00115712994011115,-2.93661786913421,9.66666666666667,9.33333333333333,10,0.790284852723818
"190","72","distant","longcilia2",7,1310720,7,72,0.743195343017578,0.930245971679687,0.841036224365234,0.0880805969238281,0.0005497495585586,-3.25983511070338,9.33333333333333,9,9.33333333333333,0.729402160644531
"191","72","distant","longcilia2",10,1441792,7,72,0.75811073996804,0.967337174849077,0.869725314053622,0.0963849154385653,0.0005003286642022,-3.3007446153496,6.33333333333333,6.33333333333333,6.33333333333333,0.754944541237571
"192","72","distant","longcilias",3,458752,4,72,0.172908238002232,0.325432913643973,0.270952497209821,0.0496586390904018,9.92282693914603e-05,-4.00336458296995,27.6666666666667,5.66666666666667,6.33333333333333,0.0798688616071429
"193","72","distant","longcilias",4,2424832,4,72,0.412959743190456,0.633252942884291,0.548612027554899,0.0806538349873311,0.0001619171671336,-3.79070710309257,8.66666666666667,6.33333333333333,6.66666666666667,0.362367372255068
"194","72","distant","longcilias",5,1900544,7,72,0.901898088126347,0.908627214102909,0.776693409886853,0.130500530374461,0.0011814239551313,-2.92759422742114,11.6666666666667,11.3333333333333,11.6666666666667,0.856939907731681
"195","72","distant","longcilias",6,2228224,7,72,0.821347404928768,0.864184660070083,0.753121319939108,0.109975478228401,0.00122566922800615,-2.91162671728399,11.3333333333333,11.3333333333333,11.3333333333333,0.769910475786994
"196","72","distant","longcilias",11,1638400,8,72,0.785162353515625,0.860369262695313,0.697946166992187,0.161293334960938,0.00095851733931335,-3.01840002644795,8.66666666666667,8.33333333333333,9,0.755140991210937
"197","72","distant","longcilias",12,196608,8,72,0.0417429606119792,0.27490234375,0.244578043619792,0.0246378580729167,6.64848776068538e-05,-4.17727712640762,30.3333333333333,8,8.33333333333333,0.0216166178385417
"198","72","distant","multicilia",1,196608,8,72,0.667465209960938,0.897918701171875,0.0382639567057292,0.856358846028646,0.0003896261187037,-3.40935193775828,0.333333333333333,0.333333333333333,7,0.655985514322917
"199","72","distant","multicilia",2,1900544,8,72,0.50518798828125,0.827164748619343,0.652198528421336,0.171232026198815,0.00020335274894015,-3.69174995238919,10,9.33333333333333,10,0.486053992962015
"200","72","distant","multicilia",6,917504,7,72,0.649419512067522,0.830835614885603,0.813279288155692,0.0162571498325893,0.00029633854865095,-3.52821185045232,7,7,7,0.614444187709263
"201","72","distant","ruxcilia",5,65536,3,72,0.654190063476562,0.91937255859375,0.908355712890625,0.008087158203125,0.00032029145222615,-3.49445465157161,5.66666666666667,5.33333333333333,5.33333333333333,0.648300170898438
"202","72","distant","ruxcilia",6,65536,3,72,0.0306396484375,0.55438232421875,0.532958984375,0.01873779296875,4.75983642900247e-06,-5.32240797150925,9.66666666666667,5.33333333333333,5.33333333333333,0.028900146484375
"203","72","infected","cilia",4,66145,3,72,0.635482651749943,0.877541764305692,0.791836117620379,0.0839368055030615,0.000346282380633,-3.46056960544312,6.75,6.25,6.5,0.61743140071056
"204","72","infected","cilia",5,34303,4,72,0.226335888989301,0.480366148733347,0.448852870011369,0.0290645133078739,8.60768559505232e-05,-4.0651136044597,16.75,6.5,6.75,0.195930385097513
"205","72","infected","cilia",8,69079,2,72,0.737199438324238,0.864604293634824,0.852400874361239,0.0113203723273354,0.0006332091870717,-3.19845279269534,8.5,8.25,8.25,0.718148786172353
"206","72","infected","longcilia2",2,91565,3,72,0.22140555889259,0.516398187080216,0.466586577840878,0.0467318298476492,4.9523550842423e-05,-4.30518822392363,12.6666666666667,6.66666666666667,7.33333333333333,0.214885600393163
"207","72","infected","longcilia2",3,4767,5,72,0.0142647367316971,0.217537235158381,0.185861128592406,0.0295783511642542,8.08794939075597e-05,-4.09216157494725,30,5.66666666666667,6.66666666666667,0.00377595972309629
"208","72","infected","longcilia2",7,95959,7,72,0.500390791900708,0.794641461457497,0.72178743004825,0.0709886514032035,0.0002004269626922,-3.69804385485684,10,9,9.66666666666667,0.488437770297731
"209","72","infected","longcilia2",10,168339,7,72,0.283683519564688,0.808196555759509,0.534332507618555,0.271701744693743,3.83870101359207e-05,-4.4158157126296,7.33333333333333,6,7.66666666666667,0.279436137793381
"210","72","infected","longcilias",3,384201,4,72,0.505951311943488,0.685370418088448,0.61128680039875,0.0719363041741172,0.0002075620868708,-3.68285197147144,10,9,9.33333333333333,0.478371997990635
"211","72","infected","longcilias",4,111122,4,72,0.0995032486816292,0.266832850380663,0.220370403700437,0.0427818073828765,7.8979617683217e-05,-4.10248497301197,29.6666666666667,7.66666666666667,8.66666666666667,0.0332067457389176
"212","72","infected","longcilias",5,13498,7,72,0.315454141354275,0.558675359312491,0.463624240628241,0.0935694176915099,4.4947795686312e-05,-4.34729160353328,13.3333333333333,11.3333333333333,11.6666666666667,0.297747814491036
"213","72","infected","longcilias",6,513,7,72,0.43859649122807,0.551656920077973,0.539961013645224,0.00974658869395711,0.0001520083751529,-3.81813248322308,12,10.6666666666667,10.6666666666667,0.385964912280702
"214","72","infected","longcilias",11,97085,8,72,0.132646649842921,0.292949477262193,0.265076994386362,0.0237214811762888,8.72171658556908e-05,-4.05939802994455,26.3333333333333,8,8,0.0739455116650358
"215","72","infected","longcilias",12,416741,8,72,0.401198826129418,0.655611038990644,0.58252007841801,0.0703578481598883,0.0001454965822631,-3.83714720820185,10.3333333333333,8.66666666666667,9,0.381023225456579
"216","72","infected","multicilia",1,163691,8,72,0.777929146990366,0.901430133605391,0.376159959924492,0.504798675553329,0.0005308550898917,-3.27502401422791,1.66666666666667,1.33333333333333,9,0.76274199558925
"217","72","infected","multicilia",2,94645,8,72,0.306788525542818,0.529378202757673,0.46699772835332,0.0583549051719584,0.000116580442409,-3.93337430091722,13.6666666666667,9.33333333333333,10,0.266215859263564
"218","72","infected","multicilia",6,269775,7,72,0.598068761004541,0.826455379482902,0.768803632656844,0.056376610138078,0.0002890533360186,-3.53902201398612,10,9,9.33333333333333,0.577670280789547
"219","72","infected","multicilia",7,474472,7,72,0.939490633799255,0.92616213390885,0.767254969734779,0.155764723735015,0.00103429192677135,-2.98535686521495,12,11.6666666666667,12,0.881567300072502
"220","72","infected","ruxcilia",5,262017,3,72,0.241537762816916,0.728765690775789,0.7012560253724,0.0243571981970635,5.85953712288756e-05,-4.2321366899402,7,6.33333333333333,6.33333333333333,0.238106687734002
"221","72","infected","ruxcilia",6,280209,3,72,0.0979483171489852,0.642274159645122,0.600876488620994,0.036779689446092,3.07284644804895e-05,-4.51245914115305,8,6.33333333333333,6.33333333333333,0.0969098066086386
"222","72","mock","cilia",3,458752,3,72,0.838171822684152,0.96671622140067,0.881622314453125,0.0846208844866071,0.0007817682635504,-3.10692196405169,7.75,7.75,7.75,0.830858503069196
"223","72","mock","cilia",6,655360,4,72,0.652720642089844,0.845326232910156,0.827116394042969,0.0147750854492187,0.0003466205380391,-3.46014570796003,6.25,5.75,5.75,0.634201049804688
"224","72","mock","cilia",7,589824,2,72,0.603279961480035,0.901960584852431,0.830015394422743,0.0710652669270833,0.0003491223469609,-3.45702235155806,8,7.75,8,0.596343994140625
"225","72","mock","longcilia2",1,2162688,3,72,0.956212824041193,0.973991162849195,0.843554872455019,0.129431059866241,0.0019494502339512,-2.71008784711173,7.66666666666667,7.66666666666667,8,0.941864476059422
"226","72","mock","longcilia2",4,2293760,5,72,0.955863298688616,0.978330775669643,0.796162632533482,0.18133544921875,0.00186003872659055,-2.73047801354043,7.66666666666667,7.33333333333333,7.66666666666667,0.943664986746652
"227","72","mock","longcilia2",5,2359296,5,72,0.856050279405382,0.935344696044922,0.848040262858073,0.086677975124783,0.00165392406051975,-2.78148443484085,10.3333333333333,10.3333333333333,10.3333333333333,0.829419453938802
"228","72","mock","longcilia2",8,2228224,7,72,0.914869869456572,0.952400656307445,0.738638485179228,0.210827546961167,0.0019022583728656,-2.72073049565989,10.3333333333333,10.3333333333333,10.6666666666667,0.89089651668773
"229","72","mock","longcilia2",9,2293760,7,72,0.746602085658482,0.959256417410714,0.897826712472098,0.0597926548549107,0.0004922864318359,-3.3077821338799,6,5.66666666666667,6,0.741334315708705
"230","72","mock","longcilias",1,2228224,4,72,0.575184541590073,0.772591085994945,0.60094586540671,0.168549032772289,0.0002648579538799,-3.57698698034864,7.66666666666667,6.66666666666667,7.33333333333333,0.543022604549632
"231","72","mock","longcilias",2,2228224,4,72,0.432179619284237,0.617582433363971,0.553102381089154,0.0607946059283088,0.00017033944459395,-3.76868477314179,8.66666666666667,6.33333333333333,6.66666666666667,0.371599982766544
"232","72","mock","longcilias",7,2162688,7,72,0.682157574277936,0.755519520152699,0.638110074129972,0.114359537760417,0.00047400967741845,-3.32421279164548,12,11.3333333333333,11.6666666666667,0.618862730084044
"233","72","mock","longcilias",8,1900544,7,72,0.827351537244073,0.82794136836611,0.661726852943157,0.161626881566541,0.00103019288508215,-2.98708145385384,12,11.3333333333333,12,0.775188051421067
"234","72","mock","longcilias",9,2228224,8,72,0.439087362850414,0.665731542250689,0.569453968721278,0.093773785759421,0.00016123030945885,-3.79255331244792,9,7.33333333333333,7.66666666666667,0.408147475298713
"235","72","mock","longcilias",10,2293760,8,72,0.527464076450893,0.749225289481027,0.585691179547991,0.161329868861607,0.00022223108680915,-3.65319518983554,8,7,7.66666666666667,0.503912789481027
"236","72","mock","multicilia",4,3866624,8,72,0.575845492088189,0.909613140558792,0.508848028667903,0.397025156829317,0.00025920818734445,-3.58635128496835,8,7.33333333333333,9.33333333333333,0.562483189469677
"237","72","mock","multicilia",5,1966080,8,72,0.889289347330729,0.959644571940104,0.633072916666667,0.324363199869792,0.00072092624031935,-3.14210916671053,8.33333333333333,8,9,0.866758728027344
"238","72","mock","multicilia",8,2490368,7,72,0.731086730957031,0.864580254805715,0.815467031378495,0.0477760716488487,0.00048012872866815,-3.31864230709335,10,9,9.33333333333333,0.698442559493215
"239","72","mock","multicilia",9,2228224,7,72,0.467259126551011,0.725819756002987,0.70951753504136,0.0137580422794118,0.0001827534069889,-3.73813451793955,7.66666666666667,6.33333333333333,6.66666666666667,0.447029113769531
"240","72","mock","ruxcilia",7,720896,3,72,0.436551180752841,0.950481068004261,0.548697731711648,0.400647250088778,0.0001504480896983,-3.8226133223092,5.66666666666667,5.33333333333333,7,0.434915715997869
"241","72","near","cilia",4,785823,3,72,0.671046787889894,0.9378358739818,0.763364014542715,0.173833038737731,0.0004185709694866,-3.37823089599012,7.5,7.25,8,0.663209145061929
"242","72","near","cilia",5,358913,4,72,0.282232741639339,0.548539618236174,0.519546519630105,0.0240894032815752,9.68609674600884e-05,-4.01385119747738,10,5.5,5.75,0.263960904174549
"243","72","near","cilia",8,258601,2,72,0.714339851740713,0.891783094419588,0.878975719351433,0.0120223819706807,0.0005205331253819,-3.28355162789636,8.25,8,8,0.701772228258978
"244","72","near","longcilia2",2,2333267,3,72,0.923841120626144,0.942042638069282,0.806773506846837,0.134770688481001,0.0020048322621732,-2.69792195753755,8,8,8,0.901674776182923
"245","72","near","longcilia2",3,60769,5,72,0.03070644572068,0.243150290444141,0.195510869028617,0.0438875084335763,7.10910535417497e-05,-4.14818504964885,32,5,6.66666666666667,0.00914940183317152
"246","72","near","longcilia2",7,2853161,7,72,0.72147488347135,0.912637597387599,0.83132217214521,0.0803403663515659,0.0005618730792775,-3.25036177552445,9.66666666666667,9.33333333333333,9.66666666666667,0.703618547989405
"247","72","near","longcilia2",10,1928813,7,72,0.725879076924513,0.925924908220755,0.803429363033119,0.121582029984244,0.0006260523805394,-3.20338932872642,7.33333333333333,7.33333333333333,7.66666666666667,0.71516678910812
"248","72","near","longcilias",3,3023671,4,72,0.680958014281316,0.812576500551813,0.648222971348404,0.162673782961175,0.0005097640096209,-3.29263082986087,8.66666666666667,8,8.66666666666667,0.652975803253727
"249","72","near","longcilias",4,413166,4,72,0.176120493941902,0.425744131898559,0.380466930967214,0.0421622301931911,8.33906960906461e-05,-4.07888240094397,20.6666666666667,8,8.66666666666667,0.126905408479885
"250","72","near","longcilias",5,904006,7,72,0.469073214115836,0.619009165868368,0.552144565412176,0.0640427165306425,0.00015229826385615,-3.81730504743669,12.6666666666667,11.3333333333333,11.6666666666667,0.428740517208957
"251","72","near","longcilias",6,261631,7,72,0.543838459509768,0.582125206875332,0.541151469053744,0.0393340238733178,0.0003110327234026,-3.50719391693599,11.3333333333333,10.6666666666667,10.6666666666667,0.483956411893086
"252","72","near","longcilias",11,1410243,8,72,0.474348037891342,0.657253395336832,0.55627292601346,0.0979582951306973,0.0001761808089213,-3.75404140031387,9.66666666666667,8,8.66666666666667,0.445286379723211
"253","72","near","longcilias",12,2597915,8,72,0.411540793290004,0.645367150195445,0.590463891235856,0.0522037864980186,0.000151800137246,-3.81872783578472,10.3333333333333,8.66666666666667,9,0.385857120036645
"254","72","near","multicilia",1,3637397,8,72,0.764936299227167,0.910096423348895,0.343703478064121,0.550446651822718,0.0004885452217422,-3.31109523001253,1.33333333333333,1,9,0.751633379584357
"255","72","near","multicilia",2,1740363,8,72,0.506592015573762,0.790701709930629,0.666937874454927,0.120754693130111,0.0002046237204922,-3.68904402320573,10.3333333333333,9.33333333333333,10,0.487527602000272
"256","72","near","multicilia",6,1827377,7,72,0.565427385810372,0.799152555821815,0.74337862411533,0.053887074205268,0.0002474557550158,-3.60650244145864,8.66666666666667,7.33333333333333,7.66666666666667,0.540814511729107
"257","72","near","multicilia",7,3392152,7,72,0.94993237331346,0.93545513290678,0.634669378023155,0.2940956065648,0.0010356319835409,-2.98479454566394,11.3333333333333,11,12,0.896135550529575
"258","72","near","ruxcilia",5,1114239,3,72,0.2652626590884,0.75672903210173,0.730738198896287,0.0228667278743609,6.95298658683896e-05,-4.15782860842072,7,6.33333333333333,6.33333333333333,0.261469038509691
"259","72","near","ruxcilia",6,1358191,3,72,0.190624146382946,0.712715663702675,0.67441250899174,0.0346608098566402,3.83715305360965e-05,-4.4159908776293,7.33333333333333,6.33333333333333,6.66666666666667,0.188025837308597
"260","96","distant","longcilia2",2,393216,3,96,0.964118957519531,0.970413208007812,0.870552062988281,0.0987930297851562,0.00157676130766045,-2.80223404580449,8,8,8,0.941930135091146
"261","96","distant","longcilia2",3,2162688,5,96,0.850957234700521,0.935699462890625,0.787243467388731,0.147057273171165,0.0011790499556809,-2.92846779370318,7.66666666666667,7.33333333333333,7.66666666666667,0.833328247070312
"262","96","distant","longcilia2",6,2424832,5,96,0.883358929608319,0.943322671426309,0.770904953415329,0.171363624366554,0.00178062811028205,-2.74942677481925,10.3333333333333,10.3333333333333,10.6666666666667,0.857223923141892
"263","96","distant","longcilia2",7,1310720,7,96,0.878557586669922,0.954734039306641,0.682173919677734,0.271417999267578,0.0014172955998219,-2.84853956119731,9.33333333333333,9,10,0.863121795654297
"264","96","distant","longcilia2",10,851968,7,96,0.721683208759014,0.933886014498197,0.845745380108173,0.0862473707932692,0.0005184461770113,-3.28529632363589,6.33333333333333,6,6.33333333333333,0.718240591195913
"265","96","distant","longcilias",3,458752,4,96,0.12638419015067,0.271373203822545,0.236696515764509,0.0291922433035714,8.86158377397805e-05,-4.05248865251144,30,7.33333333333333,7.66666666666667,0.037353515625
"266","96","distant","longcilias",4,2424832,4,96,0.443082242398649,0.670548722550676,0.593342549092061,0.0735824172561233,0.00017387444677295,-3.75976423881925,8.33333333333333,6.66666666666667,7,0.397528158651816
"267","96","distant","longcilias",5,2031616,7,96,0.745475522933468,0.856314874464466,0.658404934790827,0.195356799710181,0.0005577678675763,-3.25354650860077,11.6666666666667,11.3333333333333,11.6666666666667,0.701969762002268
"268","96","distant","longcilias",6,2293760,7,96,0.823018537248884,0.846036202566964,0.79189453125,0.0531537737165179,0.00125725142424925,-2.9005778637261,11.6666666666667,11.3333333333333,11.6666666666667,0.770742361886161
"269","96","distant","longcilias",11,1900544,8,96,0.468045464877425,0.6500217832368,0.530494426858836,0.116728157832705,0.0001758079451974,-3.75496150197471,8.33333333333333,6.66666666666667,7.33333333333333,0.438068258351293
"270","96","distant","longcilias",12,196608,8,96,0.0565846761067708,0.285614013671875,0.260116577148438,0.0216420491536458,7.95601190475281e-05,-4.09930457571044,30.3333333333333,7.33333333333333,8,0.0232950846354167
"271","96","infected","longcilia2",2,122627,3,96,0.448433053079664,0.61802050119468,0.441892894713236,0.172025736583297,8.25884417281486e-05,-4.08308072804188,9,7,8,0.438451564500477
"272","96","infected","longcilia2",3,3239,5,96,0.0114232787897499,0.274776165483174,0.25100339610991,0.0200679221982093,7.81366397859529e-05,-4.10714526925401,30,8,8,0.00216116085211485
"273","96","infected","longcilia2",7,130459,7,96,0.582021937926858,0.7641097969477,0.665550096198806,0.0965514069554419,0.0004771306994371,-3.32136263926333,10.6666666666667,10,10.3333333333333,0.559447795859235
"274","96","infected","longcilia2",10,224059,7,96,0.3226650123405,0.691652645062238,0.555969632998451,0.131862589764303,4.25413418270182e-05,-4.37118881582306,9,7.33333333333333,8,0.318715159846291
"275","96","infected","longcilias",3,378809,4,96,0.308825819872284,0.534807779118236,0.415877130691193,0.114413860283151,0.0001036352550727,-3.98449247935002,11.6666666666667,6.33333333333333,7.33333333333333,0.286075568426305
"276","96","infected","longcilias",4,110368,4,96,0.0794251957089011,0.263844592635547,0.224005146419252,0.0363601768628588,7.23730772733688e-05,-4.14042296096475,30.6666666666667,7.66666666666667,8.33333333333333,0.0242824006958539
"277","96","infected","longcilias",5,8355,7,96,0.389587073608618,0.581089168162777,0.520885697187313,0.0527827648114901,7.18866504030302e-05,-4.14335175210096,12.3333333333333,11,11,0.363973668461999
"278","96","infected","longcilias",6,84,7,96,0.19047619047619,0.178571428571429,0.166666666666667,0.0119047619047619,9.07922003534622e-05,-4.04195376326906,30.5,11.3333333333333,11.3333333333333,0.0833333333333333
"279","96","infected","longcilias",11,57179,8,96,0.102782490075028,0.271690655660295,0.231518564507949,0.033316427359695,8.52358352858573e-05,-4.06937777853266,29.3333333333333,6.66666666666667,7.66666666666667,0.0404344252260445
"280","96","infected","longcilias",12,435416,8,96,0.109568780201003,0.344454498686314,0.309809469564738,0.0300746871956933,9.29512098082342e-05,-4.03174495328771,26,8,8.33333333333333,0.0773306447167766
"281","96","mock","longcilia2",1,2162688,3,96,0.961207996715199,0.969789909593987,0.849517359878078,0.119357947147254,0.0020260300952941,-2.69335410777988,8,8,8,0.943925799745502
"282","96","mock","longcilia2",4,2293760,5,96,0.959744262695313,0.972823224748884,0.826395961216518,0.145771135602679,0.0019023097120225,-2.72071877484741,7.66666666666667,7.66666666666667,8,0.942152186802455
"283","96","mock","longcilia2",5,2359296,5,96,0.86629401312934,0.942693922254774,0.806144714355469,0.135932074652778,0.00167831225553525,-2.7751272340677,10.3333333333333,10,10.3333333333333,0.840653313530816
"284","96","mock","longcilia2",8,2228224,7,96,0.944834092084099,0.955003626206342,0.72034813376034,0.231858197380515,0.0024698500055819,-2.60732942071851,10.6666666666667,10.6666666666667,11,0.914263108197381
"285","96","mock","longcilia2",9,2293760,7,96,0.717483520507812,0.936359514508929,0.878290666852679,0.0566615513392857,0.0004212989879306,-3.37540958415986,6,5.66666666666667,6,0.705425589425223
"286","96","mock","longcilias",1,2228224,4,96,0.680629505830653,0.818755205939798,0.676603878245634,0.139982335707721,0.0004622561828,-3.33511727132517,8,7.33333333333333,7.66666666666667,0.651986514820772
"287","96","mock","longcilias",2,2228224,4,96,0.467084996840533,0.635701347799862,0.562380173627068,0.0696357278262868,0.00018427830218565,-3.73452579769355,8.66666666666667,6.66666666666667,7,0.403998431037454
"288","96","mock","longcilias",7,2162688,7,96,0.650327740293561,0.761486169063684,0.645988695549242,0.112932609789299,0.0003695114282891,-3.43237212515512,12.3333333333333,11.3333333333333,11.6666666666667,0.590471209901752
"289","96","mock","longcilias",8,1900544,7,96,0.802479711072198,0.803522044214709,0.7098414980132,0.091620083512931,0.00085078322445035,-3.07018108200462,12.3333333333333,12,12.3333333333333,0.733858305832435
"290","96","mock","longcilias",9,2228224,8,96,0.565623115090763,0.708449868594899,0.595674851361443,0.110728544347426,0.0002938060933956,-3.53193920139869,9.33333333333333,8.33333333333333,8.66666666666667,0.531779120950138
"291","96","mock","longcilias",10,2293760,8,96,0.549241856166295,0.754215785435268,0.629198346819196,0.122660173688616,0.0002432058972772,-3.61402589846224,8.33333333333333,7.33333333333333,8,0.519297572544643
"292","96","near","longcilia2",2,3481853,3,96,0.918110270594422,0.949194868364632,0.590436184411002,0.357943313517256,0.002089804271236,-2.67989438752661,7.33333333333333,7.33333333333333,8,0.903729709439198
"293","96","near","longcilia2",3,62297,5,96,0.0293433070613352,0.255935277782237,0.228100871631058,0.0209319870940816,6.50344372843392e-05,-4.18685661317095,30.6666666666667,6.66666666666667,7.66666666666667,0.00823474645649068
"294","96","near","longcilia2",7,3539557,7,96,0.853201968494927,0.930872422735388,0.79628382873902,0.133566432183463,0.0015082247555255,-2.82153393511663,10.3333333333333,10,10.3333333333333,0.826246900388947
"295","96","near","longcilia2",10,3314885,7,96,0.779163078055498,0.947309786010676,0.741960279165039,0.203054706271862,0.0006669713184237,-3.17589284152294,7,7,7.33333333333333,0.771200810887859
"296","96","near","longcilias",3,3029063,4,96,0.476103996516414,0.692867068132951,0.536884838644822,0.153189946858154,0.0001810020330594,-3.74231654700087,7.66666666666667,6.66666666666667,7,0.454695065767863
"297","96","near","longcilias",4,413920,4,96,0.166520100502513,0.437074797062234,0.393493911867027,0.0396115191341322,8.27125841169618e-05,-4.08242841068008,19.6666666666667,7.66666666666667,8,0.120849439505218
"298","96","near","longcilias",5,778077,7,96,0.515720166513083,0.666320942528824,0.597143984464263,0.0665075564500686,0.0002290955744683,-3.63998330017141,12,11.3333333333333,11.3333333333333,0.472561198955887
"299","96","near","longcilias",6,196524,7,96,0.399304919500926,0.468248152897356,0.433280413588162,0.0323573711098899,0.0001211428716487,-3.91670213575674,17.6666666666667,10.6666666666667,10.6666666666667,0.332865197126051
"300","96","near","longcilias",11,1188005,8,96,0.196760114645982,0.407463773300617,0.346354602884668,0.0571436988901562,9.76026130956598e-05,-4.01053855489648,22,6,6.66666666666667,0.162141573478226
"301","96","near","longcilias",12,2579240,8,96,0.133362153192413,0.373925652517796,0.339979218684574,0.0292206231292939,9.25104613997974e-05,-4.03380915297656,24,7.66666666666667,8,0.102358446674214
"302","120","distant","multicilia",1,655360,8,120,0.252809143066406,0.476353454589844,0.448091125488281,0.0232208251953125,9.82914607448038e-05,-4.00748421068468,17,5,5.33333333333333,0.222259521484375
"303","120","distant","multicilia",2,2031616,8,120,0.491815874653478,0.784334736485635,0.660028765278478,0.122489190870716,0.0001914415697683,-3.71796375328473,9.66666666666667,9,9.33333333333333,0.473434448242188
"304","120","distant","multicilia",6,655360,7,120,0.803826904296875,0.910450744628906,0.900558471679688,0.00919952392578125,0.00057309580733995,-3.24177276874693,7,7,7,0.784855651855469
"305","120","infected","multicilia",1,162727,8,120,0.107492917585895,0.342555322718418,0.29932955194897,0.0402821904170789,6.46231419523247e-05,-4.18961193057426,25,6.33333333333333,7,0.0838889674116772
"306","120","infected","multicilia",2,16488,8,120,0.449660359049005,0.715853954391072,0.665332362930616,0.0476103833090733,0.00016885682998685,-3.77248136833757,9.33333333333333,8.33333333333333,8.66666666666667,0.426613294517225
"307","120","infected","multicilia",6,125809,7,120,0.350086241842793,0.574442210016771,0.551272166538165,0.0196965240960504,0.0001274641253985,-3.89461202961254,9.66666666666667,7,7,0.322568337718287
"308","120","infected","multicilia",7,1035494,7,120,0.515026644287654,0.72366232928438,0.707962576316232,0.0133907101344865,0.0002092073991661,-3.67942295957445,11,10,10,0.47250973931283
"309","120","mock","multicilia",4,3866624,8,120,0.688187421378443,0.913438958636785,0.760528564453125,0.152013746358581,0.0005468910967465,-3.26209914677614,9.33333333333333,9,9.33333333333333,0.66525604765294
"310","120","mock","multicilia",5,1966080,8,120,0.893656921386719,0.944827779134115,0.846442159016927,0.0976806640625,0.0013860268518328,-2.85822835595216,9,9,9.33333333333333,0.859868876139323
"311","120","mock","multicilia",8,2490368,7,120,0.807843660053454,0.915213333932977,0.896068372224507,0.0183800145199424,0.0007260919082909,-3.13900840307784,9.33333333333333,8.66666666666667,8.66666666666667,0.786823071931538
"312","120","mock","multicilia",9,2228224,7,120,0.606469098259421,0.824820125804228,0.813932979808134,0.00943756103515625,0.00031436586868945,-3.50256461226531,8,7.66666666666667,7.66666666666667,0.596693599925322
"313","120","near","multicilia",1,3179609,8,120,0.31843852498845,0.592509645053842,0.56424453446949,0.0250634590605323,0.0001119059234042,-3.95114692478824,7.66666666666667,5.33333333333333,5.66666666666667,0.300459270306506
"314","120","near","multicilia",2,1687448,8,120,0.427805182737483,0.682919414405659,0.62756363455348,0.0525776201696289,0.0001495361429988,-3.8252538253474,9.66666666666667,8.33333333333333,8.66666666666667,0.405252191474937
"315","120","near","multicilia",6,2233487,7,120,0.380685896089836,0.617878232557431,0.593215451892042,0.0216562711132861,0.000132730565383,-3.87702905566883,9,7,7,0.360874274173076
"316","120","near","multicilia",7,2831130,7,120,0.590813208860066,0.789212081395061,0.775841801683427,0.0118016481051736,0.00028572279552455,-3.54405510937021,10,9.33333333333333,9.33333333333333,0.56301900654509
"317","168","distant","longcilia2",2,2686976,3,168,0.688606820455412,0.908273092130335,0.565693552901105,0.341344321646341,0.00061343875131565,-3.21222879282953,5.33333333333333,5,6.66666666666667,0.684454569002477
"318","168","distant","longcilia2",3,2228224,5,168,0.481887368594899,0.775230407714844,0.587755091050092,0.18543602438534,0.00018278020434075,-3.73807084148573,6.66666666666667,6,6.66666666666667,0.476298163918888
"319","168","distant","longcilia2",6,2424832,5,168,0.561187331740921,0.820703042520059,0.790312071104307,0.0289731412320524,0.0002906266454374,-3.53666457091981,9.66666666666667,9,9,0.542593878668708
"320","168","distant","longcilia2",7,3735552,7,168,0.604925590648986,0.837392171223958,0.670001916718065,0.165761311848958,0.0003933678672183,-3.40520111889491,9,8.33333333333333,9,0.589833309775905
"321","168","distant","longcilia2",10,1245184,7,168,0.537361546566612,0.828426160310444,0.731198762592516,0.0958380448190789,0.00023579244589195,-3.62747011255914,6.33333333333333,6,6.33333333333333,0.532033819901316
"322","168","distant","longcilias",3,655360,4,168,0.248133850097656,0.372090148925781,0.325434875488281,0.0411788940429687,0.0001169848837889,-3.93187025202507,24.3333333333333,7,7.33333333333333,0.144171142578125
"323","168","distant","longcilias",4,2555904,4,168,0.431406656901042,0.630835508688902,0.588410206330128,0.0390730637770433,0.0001623227799427,-3.78962052817631,9,7,7,0.384006598056891
"324","168","distant","longcilias",5,2621440,7,168,0.757942581176758,0.820364761352539,0.631042098999023,0.187666702270508,0.0007001706399023,-3.15479610436185,12.6666666666667,12.3333333333333,12.6666666666667,0.688765716552734
"325","168","distant","longcilias",6,2424832,7,168,0.761905567066089,0.788657935889992,0.697377797719595,0.0898350896062078,0.00091413638438095,-3.03898900496073,12.6666666666667,12.3333333333333,12.6666666666667,0.687585366738809
"326","168","distant","longcilias",11,2490368,8,168,0.262012682462993,0.506454869320518,0.476790980288857,0.0257833380448191,9.97298848233185e-05,-4.00117468252022,14.3333333333333,5,5,0.241010565506785
"327","168","distant","longcilias",12,458752,8,168,0.0987287248883929,0.347959245954241,0.313332693917411,0.0301273890904018,6.03674907324603e-05,-4.21919687588907,25,6,6.33333333333333,0.0795266287667411
"328","168","infected","longcilia2",2,13098,3,168,0.196136814780883,0.422583600549702,0.291494884715224,0.127958466941518,1.5512875506829e-05,-4.80930769364536,19.3333333333333,5.33333333333333,6.66666666666667,0.194991601771263
"329","168","infected","longcilia2",7,7061,7,168,0.560543832318368,0.701033847896898,0.293017986120946,0.4054666477836,0.0004236556123942,-3.37298703588595,7,0.666666666666667,9,0.543407449369778
"330","168","infected","longcilia2",10,42464,7,168,0.773078372268274,0.935639600602864,0.883995855312736,0.0511727581009797,0.0006488080543931,-3.18788376757063,7.33333333333333,7.33333333333333,7.33333333333333,0.762740203466466
"331","168","infected","longcilias",3,33125,4,168,0.375547169811321,0.564618867924528,0.347169811320755,0.212498113207547,0.0001162230255431,-3.9347078231016,10,5.33333333333333,7.33333333333333,0.331290566037736
"332","168","infected","longcilias",4,16467,4,168,0.0915163660654643,0.209631383980081,0.173559239691504,0.0303030303030303,8.07578035164624e-05,-4.09281550168546,32,6.33333333333333,7.66666666666667,0.0193113499726726
"333","168","infected","longcilias",5,11930,7,168,0.105951383067896,0.515590947191953,0.402430846605197,0.109304274937133,6.08636801189277e-05,-4.21564179163767,13.6666666666667,11,12,0.0866722548197821
"334","168","infected","longcilias",6,7,7,168,0,0.428571428571429,0.428571428571429,0,7.45299985283054e-05,-4.12766888734548,44,9.66666666666667,9.66666666666667,0
"335","168","infected","longcilias",11,161937,8,168,0.0851318722713154,0.222759468188246,0.189561372632567,0.0235276681672502,7.48914608266205e-05,-4.12556769801875,29.3333333333333,7.66666666666667,9,0.021712147316549
"336","168","infected","longcilias",12,84248,8,168,0.0827794131611433,0.306143766024119,0.266890608679138,0.0335913018706676,7.47643389331643e-05,-4.12630550237716,28.6666666666667,6.33333333333333,7.33333333333333,0.0429446396353623
"337","168","mock","longcilia2",1,2162688,3,168,0.96935341574929,0.967440980853456,0.850964632901278,0.115987604314631,0.00212663633283225,-2.67230677062751,8.33333333333333,8.33333333333333,8.33333333333333,0.946992353959517
"338","168","mock","longcilia2",4,2293760,5,168,0.910748726981027,0.944405691964286,0.807472011021205,0.135730852399554,0.00181149522541085,-2.74196280630538,8,8,8,0.890958949497768
"339","168","mock","longcilia2",5,2359296,5,168,0.884933895534939,0.92923100789388,0.831219143337674,0.0973917643229167,0.0022057327441871,-2.65644710964673,10.6666666666667,10.6666666666667,11,0.853889465332031
"340","168","mock","longcilia2",8,2228224,7,168,0.915367575252757,0.936424704159007,0.752841725068934,0.182624816894531,0.00222648226190355,-2.65238076048709,11,10.6666666666667,11,0.882183748133042
"341","168","mock","longcilia2",9,2293760,7,168,0.754160417829241,0.933600289481027,0.891416713169643,0.0410282679966518,0.0006100572645664,-3.21462939692707,6.66666666666667,6.33333333333333,6.33333333333333,0.745449829101563
"342","168","mock","longcilias",1,2228224,4,168,0.698537041159237,0.807070563821232,0.702743979061351,0.102847379796645,0.0005145141331013,-3.28860269117765,8.66666666666667,8,8.33333333333333,0.660103293026195
"343","168","mock","longcilias",2,2228224,4,168,0.524084203383502,0.696811451631434,0.590753891888787,0.103762009564568,0.0002150364016415,-3.66748801592684,8.33333333333333,6.66666666666667,7,0.473863040699678
"344","168","mock","longcilias",7,2162688,7,168,0.69168691924124,0.748832471442945,0.584341338186553,0.161884192264441,0.00046131058479655,-3.33600658036686,12.3333333333333,11.3333333333333,12,0.62381767504143
"345","168","mock","longcilias",8,1900544,7,168,0.66052035627694,0.753394817483836,0.660882884058459,0.0912854424838362,0.0005096620006952,-3.2927177452695,12.3333333333333,12,12,0.615291200835129
"346","168","mock","longcilias",9,2228224,8,168,0.653335122501149,0.778664532829733,0.694784725413603,0.0822412827435662,0.00045624667836815,-3.34080028433631,9.33333333333333,9,9,0.613250732421875
"347","168","mock","longcilias",10,2293760,8,168,0.679731096540179,0.789621843610491,0.730428205217634,0.05738525390625,0.0005404730618465,-3.26722594719262,9,8.66666666666667,8.66666666666667,0.642888532366071
"348","168","near","longcilia2",2,1297622,3,168,0.660560625513439,0.832749444753557,0.47394387579742,0.356939077789988,0.0006406471075024,-3.19338113033822,6,4.66666666666667,6.66666666666667,0.657171348821151
"349","168","near","longcilia2",7,1238123,7,168,0.752787889410018,0.897233958177015,0.445572855039443,0.449458575601939,0.0011683702468872,-2.93241951107647,6,1.66666666666667,8.33333333333333,0.745482476296782
"350","168","near","longcilia2",10,3103264,7,168,0.772011018076451,0.926187717190674,0.841269708281345,0.0842006996504326,0.000717896327842,-3.14393826814906,7.33333333333333,7.33333333333333,7.33333333333333,0.754329634861874
"351","168","near","longcilias",3,3178139,4,168,0.531908767992841,0.730798747317219,0.466742329394655,0.261813910593589,0.0002390190784353,-3.62156743240548,7,5.66666666666667,7,0.509656122655428
"352","168","near","longcilias",4,376749,4,168,0.0761222989311186,0.268114845693021,0.23917780803665,0.0247406097959119,7.42008996894583e-05,-4.12959082884768,28.6666666666667,6,6.66666666666667,0.0269011994723277
"353","168","near","longcilias",5,184678,7,168,0.158573300555562,0.403816372280402,0.332979564431064,0.065254117978319,7.71948725741823e-05,-4.11241154534884,22,11.6666666666667,12.3333333333333,0.109612406458809
"354","168","near","longcilias",6,65529,7,168,0.0660623540722428,0.24204550656961,0.215690762868348,0.0240198995864426,7.05613783793524e-05,-4.15143294407947,29.3333333333333,7.66666666666667,8.66666666666667,0.016527033832349
"355","168","near","longcilias",11,493423,8,168,0.144395376786246,0.352908153855819,0.313359936606117,0.0334500013173281,8.1357778981328e-05,-4.08960091590291,25,5.66666666666667,5.66666666666667,0.0940572287874704
"356","168","near","longcilias",12,2668264,8,168,0.110564396926241,0.346124671321878,0.30949935988343,0.0319923365903824,7.40095965738874e-05,-4.13071196312227,26,5.33333333333333,6,0.0841442226106562
