"","hpi_category","condition","experiment","culturepoint","total","donor","hpi","powerful","plaus","ultraplaus","low","medpower","medlogpower","medfreq","medofplaus","medofultraplaus","powerbeatin"
"1","early","infected","cilia",4,655360,3,1,0.706484985351562,0.983805847167969,0.588871765136719,0.386177062988281,0.0003445025504333,-3.46280755856645,7.75,7.75,9.75,0.702081298828125
"2","early","infected","cilia",5,655360,4,1,0.812930297851562,0.3767822265625,0.351228332519531,0.0249282836914063,0.00097174954134965,-3.01244565567765,15.25,13.5,13.75,0.311541748046875
"3","early","infected","cilia",8,655360,2,1,0.829112243652344,0.966513061523438,0.529832458496094,0.425814819335938,0.00072602060390635,-3.13905105418164,7.75,7.25,10.5,0.803352355957031
"4","early","infected","longcilia2",2,1310720,3,2,0.910413360595703,0.9730224609375,0.734280395507813,0.228311157226563,0.0010536925983615,-2.97728607062959,7.33333333333333,7.33333333333333,8,0.903472137451172
"5","early","infected","longcilia2",3,1310720,5,2,0.617513275146484,0.786964416503906,0.619998168945312,0.155535125732422,0.0003924537741113,-3.40621149007966,7,6,6.66666666666667,0.610181427001953
"6","early","infected","longcilia2",6,1310720,5,2,0.718522644042969,0.778230285644531,0.396421051025391,0.361922454833984,0.0010660236002877,-2.97223318052419,6.33333333333333,2.33333333333333,9.33333333333333,0.617459869384766
"7","early","infected","longcilia2",7,1310720,7,2,0.946961975097656,0.934102630615234,0.813976287841797,0.117783355712891,0.0018037720001302,-2.74381835889117,11,10.6666666666667,11.3333333333333,0.897738647460937
"8","early","infected","longcilia2",10,1310720,7,2,0.753645324707031,0.914281463623047,0.492706298828125,0.401197814941406,0.0006353572243824,-3.19698202753574,4,3,7,0.749842071533203
"9","early","infected","longcilias",3,655360,4,2,0.437823486328125,0.966058349609375,0.355274963378906,0.601788330078125,0.00014904576528345,-3.82668035871378,0.666666666666667,0.666666666666667,10,0.430908203125
"10","early","infected","longcilias",4,655360,4,2,0.281808471679687,0.94915771484375,0.805305480957031,0.1416015625,8.92206298885867e-05,-4.04953471500864,9.33333333333333,9.33333333333333,9.66666666666667,0.274331665039062
"11","early","infected","longcilias",5,655360,7,2,0.467045593261719,0.9560791015625,0.5920166015625,0.357673645019531,0.00017196092812805,-3.76457021952278,10.6666666666667,10.3333333333333,12,0.452940368652344
"12","early","infected","longcilias",6,655360,7,2,0.244842529296875,0.936598205566406,0.780860900878906,0.151673889160156,7.09944579284638e-05,-4.14877555251191,11.6666666666667,11.3333333333333,11.6666666666667,0.23472900390625
"13","early","infected","longcilias",11,655360,8,2,0.670648193359375,0.938572692871094,0.711801147460937,0.223793029785156,0.0003592643042793,-3.4445859312109,10.6666666666667,10.6666666666667,11.3333333333333,0.642098999023437
"14","early","infected","longcilias",12,655360,8,2,0.59759521484375,0.946347045898438,0.601795959472656,0.341519165039062,0.0003009998617926,-3.5214337038172,10.3333333333333,10,11.6666666666667,0.571302795410156
"15","early","infected","multicilia",1,2949120,8,5,0.518674723307292,0.795152452256944,0.54182366265191,0.24654778374566,0.000207754492294,-3.68244957665396,8.33333333333333,7.66666666666667,8.66666666666667,0.486744859483507
"16","early","infected","multicilia",2,3145728,8,5,0.186362902323405,0.482777277628581,0.439757982889811,0.0389229456583659,0.00010466635285405,-3.98019290875434,16,9,9,0.154177665710449
"17","early","infected","multicilia",6,2490368,7,5,0.490020751953125,0.724300585295025,0.426641765393709,0.287637007863898,0.00019452813285165,-3.71101758169714,7.33333333333333,6,7.66666666666667,0.45351851613898
"18","early","infected","multicilia",7,2162688,7,5,0.410595980557528,0.68562178178267,0.311494769472064,0.370348381273674,0.000160460906045,-3.79463075987606,10.6666666666667,0.666666666666667,11,0.359530362215909
"19","early","infected","ruxcilia",5,655360,3,1,0.315673828125,0.872760009765625,0.662760925292969,0.209140014648438,8.62734887050464e-05,-4.064122639719,9.5,9,10,0.311024475097656
"20","early","infected","ruxcilia",6,655360,3,1,0.479136657714844,0.915782165527344,0.243678283691406,0.670492553710938,0.0001808710148907,-3.74263102454209,0.25,0.25,11.25,0.451304626464844
"21","early","mock","cilia",3,524288,3,1,0.736249923706055,0.9781494140625,0.674148559570312,0.294025421142578,0.0004029531264677,-3.39474547023757,8.25,8.25,9.5,0.731016159057617
"22","early","mock","cilia",6,720896,4,1,0.77098915793679,0.613808371803977,0.558006980202415,0.0550287420099432,0.00095992739079515,-3.01776161588823,14.25,12.75,13,0.495584661310369
"23","early","mock","cilia",7,655360,2,1,0.794317626953125,0.817420959472656,0.429208374023437,0.381202697753906,0.00058276587515135,-3.23450588701078,10.75,3.5,12,0.7101318359375
"24","early","mock","longcilia2",1,1310720,3,2,0.191082000732422,0.475434875488281,0.394058227539062,0.0702499389648437,8.77437232702505e-05,-4.05678394092022,17,5,6,0.179420471191406
"25","early","mock","longcilia2",4,1310720,5,2,0.956443786621094,0.987816619873047,0.392858123779297,0.573081970214844,0.001141304266639,-2.94259855916931,1.33333333333333,1.33333333333333,7.33333333333333,0.950614929199219
"26","early","mock","longcilia2",5,1310720,5,2,0.965802764892578,0.927017211914062,0.703225708007812,0.216520690917969,0.0022992318263277,-2.63841723759608,11,10.6666666666667,11.3333333333333,0.901950836181641
"27","early","mock","longcilia2",8,1310720,7,2,0.873112487792969,0.94866943359375,0.763265228271484,0.179936981201172,0.0011396783520467,-2.94321770098304,9.33333333333333,9.33333333333333,10,0.846732330322266
"28","early","mock","longcilia2",9,1310720,7,2,0.398403167724609,0.631289672851562,0.574359893798828,0.0389442443847656,0.0001117041210818,-3.95193080423381,9.33333333333333,6.66666666666667,7,0.389456939697266
"29","early","mock","longcilias",1,655360,4,2,0.467951965332031,0.984869384765625,0.38238525390625,0.569194030761719,0.00017720612231635,-3.75152127769953,1.33333333333333,1.33333333333333,8.33333333333333,0.464117431640625
"30","early","mock","longcilias",2,655360,4,2,0.214738464355469,0.956242370605469,0.690406799316406,0.260585021972656,5.52337096451083e-05,-4.25779578741039,9,9,10,0.210035705566406
"31","early","mock","longcilias",7,655360,7,2,0.337556457519531,0.924031066894531,0.691105651855469,0.230947875976562,9.22679719224106e-05,-4.03494902521307,11.6666666666667,11.3333333333333,12,0.317146301269531
"32","early","mock","longcilias",8,655360,7,2,0.337396240234375,0.893313598632812,0.679277038574219,0.211813354492187,0.0001056251203408,-3.97623278324196,12.3333333333333,12,12.6666666666667,0.307215881347656
"33","early","mock","longcilias",9,655360,8,2,0.695962524414062,0.905624389648438,0.642008972167969,0.259425354003906,0.00034575705649325,-3.46122894769465,11.3333333333333,11,12,0.637509155273438
"34","early","mock","longcilias",10,655360,8,2,0.764155578613281,0.950056457519531,0.687847900390625,0.259835815429687,0.0004414931318024,-3.35507604824722,10.6666666666667,10.3333333333333,11.3333333333333,0.730378723144531
"35","early","mock","multicilia",4,3538944,8,5,0.389437922724971,0.773893003110532,0.383308975784867,0.383462411385995,0.00014940043183735,-3.82564814720397,8,2,9,0.372874789767795
"36","early","mock","multicilia",5,1966080,8,5,0.660918680826823,0.878116861979167,0.506507873535156,0.363190714518229,0.00028888946690125,-3.53926829252897,8,7,9.33333333333333,0.632452392578125
"37","early","mock","multicilia",8,2031616,7,5,0.446070025044103,0.701373684790827,0.500008859942036,0.193103913337954,0.0001754502081894,-3.75584611211444,9,6.66666666666667,7.66666666666667,0.407059208039315
"38","early","mock","multicilia",9,2228224,7,5,0.172620436724494,0.368395188275505,0.229861539952895,0.130317687988281,9.48656925174873e-05,-4.02289081859671,24.3333333333333,4.33333333333333,7.66666666666667,0.143570395076976
"39","early","mock","ruxcilia",7,655360,3,1,0.536225891113281,0.914912414550781,0.330923461914063,0.579420471191406,0.0002247239099233,-3.64835071754511,0.75,0.5,11.5,0.496565246582031
"40","24","infected","cilia",4,589824,3,24,0.67806159125434,0.964808146158854,0.626469930013021,0.337749905056424,0.00039079619455145,-3.40804967395505,6,6,7.25,0.673309326171875
"41","24","infected","cilia",5,655360,4,24,0.314968872070312,0.635353088378906,0.408480834960938,0.221922302246094,0.0001473287920816,-3.83171237182512,5.75,3.5,4.5,0.280430603027344
"42","24","infected","cilia",8,524288,2,24,0.415435791015625,0.830432891845703,0.567756652832031,0.260684967041016,0.0001690067147137,-3.77209604032617,5.5,4.75,5.75,0.401578903198242
"43","24","infected","longcilia2",2,1703936,3,24,0.829591017503005,0.96594473031851,0.652013338529147,0.312903771033654,0.00104017561534415,-2.98289333153227,6.33333333333333,6.33333333333333,7,0.826215303861178
"44","24","infected","longcilia2",3,1703936,5,24,0.707079373873197,0.873466491699219,0.744746281550481,0.127160879281851,0.0006170781562104,-3.20965982679136,6.66666666666667,6.33333333333333,6.66666666666667,0.703096829927885
"45","24","infected","longcilia2",6,1507328,5,24,0.762428615404212,0.920676189920177,0.635131172511889,0.283256862474524,0.0010632216581143,-2.97337618527996,8,7.66666666666667,9,0.754417751146399
"46","24","infected","longcilia2",7,1638400,7,24,0.66561279296875,0.89947265625,0.841248168945313,0.057359619140625,0.00039422021654895,-3.40426110783737,8,8,8,0.6523583984375
"47","24","infected","longcilia2",10,1835008,7,24,0.73951176234654,0.941500527518136,0.71583502633231,0.224130358014788,0.0005543232255149,-3.25623692458025,5.33333333333333,5.33333333333333,6,0.73728016444615
"48","24","infected","longcilias",3,1835008,4,24,0.537510463169643,0.793399810791016,0.509997776576451,0.28004401070731,0.00022256244119485,-3.65254812373043,7,5.66666666666667,7.33333333333333,0.515569959368025
"49","24","infected","longcilias",4,1572864,4,24,0.255011876424154,0.548343022664388,0.46397336324056,0.0799070994059245,0.000122725876281,-3.91106385828987,11,5.66666666666667,6.33333333333333,0.222179412841797
"50","24","infected","longcilias",5,1769472,7,24,0.93283533166956,0.951954029224537,0.725465562608507,0.223982069227431,0.0009734363993629,-3.01169241836905,11.3333333333333,11,11.6666666666667,0.907116925274884
"51","24","infected","longcilias",6,1441792,7,24,0.874624772505327,0.924281033602628,0.665501681241122,0.251531427556818,0.0008109486079774,-3.09100666734148,11.3333333333333,11.3333333333333,12,0.850033153187145
"52","24","infected","longcilias",11,1114112,8,24,0.462429271024816,0.755675371955423,0.3912353515625,0.361653945025276,0.00018153817654815,-3.74103203111987,5.66666666666667,3.33333333333333,7,0.445228127872243
"53","24","infected","longcilias",12,917504,8,24,0.699353899274554,0.86517333984375,0.561876569475446,0.301312037876674,0.00037014075496695,-3.4316330935519,8.66666666666667,8,9.33333333333333,0.683348519461496
"54","24","infected","multicilia",1,3997696,8,24,0.648080544393571,0.84756094510438,0.613154426949923,0.231400286565061,0.0003216721088392,-3.49258659375286,8,7.33333333333333,8.66666666666667,0.627225531906378
"55","24","infected","multicilia",2,3735552,8,24,0.330826073362116,0.609255338969984,0.527013142903646,0.0784668504146107,0.00012786397564915,-3.89325179626032,10.6666666666667,8.66666666666667,9,0.299174793979578
"56","24","infected","multicilia",6,3014656,7,24,0.498576620350713,0.772972770359205,0.742440596870754,0.0286069123641304,0.0001992729885387,-3.70055156594414,7.66666666666667,7,7,0.478404501210088
"57","24","infected","multicilia",7,3866624,7,24,0.712688898636123,0.864637730485302,0.725301710225768,0.138016005693856,0.00045373465400185,-3.34319805020933,10.3333333333333,10,10.3333333333333,0.68347090381687
"58","24","infected","ruxcilia",5,1179648,3,24,0.390714009602865,0.868559095594618,0.748830159505208,0.11783938937717,0.00011855127377195,-3.92609377539314,5.66666666666667,5.66666666666667,5.66666666666667,0.388765123155382
"59","24","infected","ruxcilia",6,1441792,3,24,0.159504283558239,0.726644342595881,0.638166254216974,0.0847632668235085,2.99513267236761e-05,-4.52358393534481,6.33333333333333,5.33333333333333,5.66666666666667,0.159013227982955
"60","24","mock","cilia",3,458752,3,24,0.44179207938058,0.921445574079241,0.698865618024554,0.22127205984933,0.00016956964827835,-3.77065188064582,6.25,6,6.75,0.438550676618304
"61","24","mock","cilia",6,655360,4,24,0.43173828125,0.649044799804688,0.569300842285156,0.0705307006835938,0.00017628609930395,-3.75378193179459,5.75,4.5,4.75,0.364256286621094
"62","24","mock","cilia",7,589824,2,24,0.469804551866319,0.769037882486979,0.630706787109375,0.135806613498264,0.000186204095371,-3.73001077138308,6.25,5.5,6,0.446500990125868
"63","24","mock","longcilia2",1,1835008,3,24,0.895556313650949,0.984727042061942,0.558826446533203,0.42481940133231,0.00104419898707415,-2.98121673241276,5.66666666666667,5.66666666666667,7.33333333333333,0.892200469970703
"64","24","mock","longcilia2",4,1835008,5,24,0.884082794189453,0.972746712820871,0.518506731305804,0.452607291085379,0.00124748656526205,-2.90396412278999,5,4.66666666666667,6.66666666666667,0.881915501185826
"65","24","mock","longcilia2",5,1835008,5,24,0.778680528913225,0.935698372977121,0.769260406494141,0.165789467947824,0.00082703810767265,-3.08247447887477,8.66666666666667,8.66666666666667,9,0.767107282366071
"66","24","mock","longcilia2",8,1835008,7,24,0.779108319963728,0.925060817173549,0.626354762486049,0.293943677629743,0.0008950164483394,-3.0481689832794,7.66666666666667,7.66666666666667,8.66666666666667,0.768558502197266
"67","24","mock","longcilia2",9,1835008,7,24,0.706971304757254,0.959249768938337,0.9059693472726,0.0516504560198103,0.0004035001766169,-3.39415627084614,5,5,5.33333333333333,0.704353332519531
"68","24","mock","longcilias",1,1376256,4,24,0.407953171502976,0.714842296781994,0.347284952799479,0.363330659412202,0.00015541513130295,-3.80850670032691,6.33333333333333,1.33333333333333,7,0.389234270368304
"69","24","mock","longcilias",2,1441792,4,24,0.292798128995028,0.581844676624645,0.523377158425071,0.0540826970880682,0.0001324581826338,-3.87792120789948,9.66666666666667,5.66666666666667,6,0.260679765181108
"70","24","mock","longcilias",7,1179648,7,24,0.853626675075955,0.932184855143229,0.623541937934028,0.303758409288194,0.00075620575807985,-3.12136002005393,10.3333333333333,10,11,0.831455654568142
"71","24","mock","longcilias",8,1179648,7,24,0.934026930067274,0.954096476236979,0.582592434353299,0.369393242730035,0.00105614832136775,-2.97627508688914,10.6666666666667,10.6666666666667,11.6666666666667,0.911144680447049
"72","24","mock","longcilias",9,1048576,8,24,0.627240180969238,0.846774101257324,0.499770164489746,0.344752311706543,0.0003066850767936,-3.51330735615213,7,6,8,0.612438201904297
"73","24","mock","longcilias",10,1179648,8,24,0.539918687608507,0.813034057617188,0.482252332899306,0.327792697482639,0.0002230107711511,-3.65167416054594,7.33333333333333,5.66666666666667,8.33333333333333,0.523052639431424
"74","24","mock","multicilia",4,3866624,8,24,0.510316234523967,0.835140680862685,0.503054602671478,0.328928543349444,0.000208673387533,-3.68053293370683,8.33333333333333,7.33333333333333,9,0.499139559471001
"75","24","mock","multicilia",5,1966080,8,24,0.823671468098958,0.927958170572917,0.673743184407552,0.251914469401042,0.000620515726041,-3.20724720748318,8,7.66666666666667,8.33333333333333,0.803564961751302
"76","24","mock","multicilia",8,2490368,7,24,0.629387303402549,0.828916047748766,0.716813338430304,0.110725001284951,0.0003081114700762,-3.51129213388665,7.33333333333333,7,7.33333333333333,0.606740851151316
"77","24","mock","multicilia",9,2228224,7,24,0.215761970071232,0.501946393181296,0.47600690056296,0.0216378604664522,0.00011463054397605,-3.94069964665469,14.6666666666667,6,6,0.185872695025276
"78","24","mock","ruxcilia",7,720896,3,24,0.259302312677557,0.847765835848722,0.691098299893466,0.153447931463068,7.09016421751585e-05,-4.14934370587181,6.66666666666667,6.33333333333333,6.66666666666667,0.257139726118608
"79","48","infected","cilia",4,983040,3,48,0.680274454752604,0.912831624348958,0.758278401692708,0.153202311197917,0.0004003944632131,-3.3975119367205,7,6.75,7.25,0.6637451171875
"80","48","infected","cilia",5,1048576,4,48,0.375797271728516,0.623871803283691,0.59489631652832,0.0227994918823242,0.0001370479149045,-3.86312756758494,6.75,5,5,0.350077629089355
"81","48","infected","cilia",8,589824,2,48,0.540227254231771,0.834804958767361,0.799580891927083,0.0339558919270833,0.00023293794220075,-3.63275976545286,7.25,6.75,6.75,0.529179890950521
"82","48","infected","longcilia2",2,3080192,3,48,0.875007142411902,0.955418688185672,0.789336833548039,0.164893941676363,0.0015151114203035,-2.81955542825506,7.33333333333333,7.33333333333333,7.33333333333333,0.866107372527427
"83","48","infected","longcilia2",3,2228224,5,48,0.782000373391544,0.910411161534927,0.731854607077206,0.177299948299632,0.0009505210327915,-3.02203826877833,6.66666666666667,6.66666666666667,7,0.776654411764706
"84","48","infected","longcilia2",6,2424832,5,48,0.809472161370355,0.937984157252956,0.701672115841427,0.235712412241343,0.00116162910126145,-2.93493251651414,8.66666666666667,8.33333333333333,9.66666666666667,0.796321147197002
"85","48","infected","longcilia2",7,4259840,7,48,0.716650860126202,0.920531522310697,0.856735464242788,0.0630173903245192,0.0005328643310349,-3.27338334966558,9,9,9,0.70175546499399
"86","48","infected","longcilia2",10,3538944,7,48,0.734158833821615,0.944504349320023,0.777084633156105,0.166399637858073,0.00058607687242325,-3.23204541627075,6.33333333333333,6.33333333333333,6.66666666666667,0.729962101689091
"87","48","infected","longcilias",3,2818048,4,48,0.687795594681141,0.845549827398256,0.713883865711301,0.129448824150618,0.00042898523679465,-3.36755765347765,8,7.33333333333333,8,0.667250522347384
"88","48","infected","longcilias",4,1835008,4,48,0.305206843784877,0.572291782924107,0.487496512276786,0.0799751281738281,0.00013331609807205,-3.87511740586196,10,6,6.66666666666667,0.262765066964286
"89","48","infected","longcilias",5,2228224,7,48,0.759035447064568,0.862318151137408,0.65194387996898,0.206658307243796,0.00059478165348985,-3.22564243610024,11,10.6666666666667,11.3333333333333,0.733123779296875
"90","48","infected","longcilias",6,1572864,7,48,0.876694997151693,0.876617431640625,0.718865076700846,0.15625254313151,0.0010226607555523,-2.99026840971661,12,11.6666666666667,12,0.812985102335612
"91","48","infected","longcilias",11,1703936,8,48,0.736148540790264,0.855353135329026,0.411695040189303,0.441712012657752,0.00056247587781395,-3.24989609785114,6.66666666666667,1,9.33333333333333,0.720865689791166
"92","48","infected","longcilias",12,2031616,8,48,0.699898504441784,0.828099404611895,0.699347219159526,0.127231228736139,0.00047258319682435,-3.32552172421065,10,9.66666666666667,10,0.672522267987651
"93","48","infected","ruxcilia",5,1441792,3,48,0.404076316139915,0.847250504927202,0.783388311212713,0.0616489757191051,0.00011582183287825,-3.9362095666484,6.66666666666667,6.33333333333333,6.33333333333333,0.400939247824929
"94","48","infected","ruxcilia",6,1703936,3,48,0.260018568772536,0.804205087515024,0.683189392089844,0.117546081542969,3.99671844206751e-05,-4.39829644552793,6.66666666666667,6.33333333333333,6.66666666666667,0.257253793569712
"95","48","mock","cilia",3,458752,3,48,0.820323399135045,0.962966918945312,0.849596296037946,0.112790788922991,0.00072785987867965,-3.13795221929762,7,7,7.25,0.815161568777902
"96","48","mock","cilia",6,655360,4,48,0.567247009277344,0.778141784667969,0.754412841796875,0.018475341796875,0.00024103420582825,-3.61792132112593,6,5.25,5.5,0.532785034179687
"97","48","mock","cilia",7,589824,2,48,0.569980197482639,0.884150187174479,0.835033840603299,0.0480228000217014,0.00029363727662705,-3.53218881250054,8,7.75,8,0.561126708984375
"98","48","mock","longcilia2",1,2162688,3,48,0.913164080995502,0.970263394442472,0.76957841352983,0.19877578272964,0.0013912566937506,-2.85659273313524,7.33333333333333,7.33333333333333,7.66666666666667,0.904309821851326
"99","48","mock","longcilia2",4,2293760,5,48,0.937642996651786,0.978086635044643,0.768845040457589,0.206841169084821,0.00168920541182155,-2.77231753586638,7,7,7.33333333333333,0.930416434151786
"100","48","mock","longcilia2",5,2359296,5,48,0.85256110297309,0.94015630086263,0.804567125108507,0.134788937038845,0.00152722524944685,-2.81609690441275,10,9.66666666666667,10,0.832870907253689
"101","48","mock","longcilia2",8,2228224,7,48,0.850654153262868,0.942815892836627,0.7183276905733,0.222330429974724,0.00135875825071705,-2.8668578057539,9.33333333333333,9,10,0.830629685345818
"102","48","mock","longcilia2",9,2293760,7,48,0.72133047921317,0.95543954031808,0.89763924734933,0.0560716901506696,0.0004344672634033,-3.36204294156056,5.66666666666667,5.33333333333333,5.66666666666667,0.717440795898437
"103","48","mock","longcilias",1,1376256,4,48,0.595501127697173,0.82537841796875,0.440093267531622,0.380902244931176,0.00027035885432265,-3.56805940259852,6.33333333333333,4.33333333333333,7.66666666666667,0.576834542410714
"104","48","mock","longcilias",2,1441792,4,48,0.317329406738281,0.608440745960582,0.515029907226562,0.0883060802112926,0.0001411581324646,-3.850294096031,9,6,6.33333333333333,0.278974359685724
"105","48","mock","longcilias",7,1179648,7,48,0.829724629720052,0.928661770290799,0.674434238009983,0.251714070638021,0.0006768594903405,-3.16950147740585,10.6666666666667,10.3333333333333,11,0.803850809733073
"106","48","mock","longcilias",8,1179648,7,48,0.883601718478733,0.947392781575521,0.603563096788194,0.339260525173611,0.00082399477832945,-3.08407554042709,10.3333333333333,10.3333333333333,11,0.861467997233073
"107","48","mock","longcilias",9,1048576,8,48,0.676756858825684,0.856427192687988,0.517963409423828,0.336019515991211,0.0004036753234686,-3.39396779804816,7.66666666666667,6.66666666666667,8.66666666666667,0.661114692687988
"108","48","mock","longcilias",10,1179648,8,48,0.651017083062066,0.838757832845052,0.58744388156467,0.249484592013889,0.00035433184530115,-3.45058981403134,8,7.33333333333333,8.33333333333333,0.633611891004774
"109","48","mock","ruxcilia",7,720896,3,48,0.383329911665483,0.88752607865767,0.654740767045455,0.229332663796165,0.0001196426528622,-3.92211396582945,6.33333333333333,6,6.66666666666667,0.379106001420455
"110","72","infected","cilia",4,983040,3,72,0.656674194335938,0.923671468098958,0.759855143229167,0.163052368164062,0.00038829645200165,-3.41083657773403,7.5,7.25,7.75,0.648404947916667
"111","72","infected","cilia",5,1048576,4,72,0.450350761413574,0.688156127929688,0.665624618530273,0.0189914703369141,0.00016259264521065,-3.78889910337093,6.75,5.75,5.75,0.433927536010742
"112","72","infected","cilia",8,851968,2,72,0.644342275766226,0.870518611027644,0.856880774864784,0.0126624474158654,0.0003771329502342,-3.42350552148014,7.75,7.5,7.5,0.632800762469952
"113","72","infected","longcilia2",2,3080192,3,72,0.912223653590426,0.937313647980386,0.778038511884973,0.158668355738863,0.00186804344411935,-2.72861302782655,8,7.66666666666667,8,0.892079454787234
"114","72","infected","longcilia2",3,2228224,5,72,0.818356233484605,0.915296666762408,0.763137817382812,0.150301316205193,0.0011980161070823,-2.92153734290669,7.33333333333333,7,7.66666666666667,0.806637932272518
"115","72","infected","longcilia2",6,2424832,5,72,0.805982022672086,0.946345973659206,0.741742108319257,0.20365369642103,0.00115712994011115,-2.93661786913421,9.66666666666667,9.33333333333333,10,0.790284852723818
"116","72","infected","longcilia2",7,4259840,7,72,0.723177865835336,0.915397526667668,0.831843684269832,0.0825113149789663,0.0005496204248629,-3.25993713650105,9.66666666666667,9.33333333333333,9.66666666666667,0.706704711914062
"117","72","infected","longcilia2",10,3538944,7,72,0.717976322880498,0.937196519639757,0.817638538501881,0.118457370334201,0.00052797113312405,-3.27738982191254,6.66666666666667,6.66666666666667,7,0.710645887586806
"118","72","infected","longcilias",3,3866624,4,72,0.603291657011388,0.742140171891552,0.599791963221663,0.140249219991393,0.0003488259389996,-3.45739122802413,9,8,8.66666666666667,0.567630832478151
"119","72","infected","longcilias",4,2949120,4,72,0.367968071831597,0.590374755859375,0.512687174479167,0.073834228515625,0.0001437224709661,-3.84247532474247,9.66666666666667,6.33333333333333,7,0.316976928710938
"120","72","infected","longcilias",5,2818048,7,72,0.760242550872093,0.814043976539789,0.703160485555959,0.109004530795785,0.00086794327944515,-3.06150865527153,11.6666666666667,11.3333333333333,11.6666666666667,0.716898718545603
"121","72","infected","longcilias",6,2490368,7,72,0.7921142578125,0.834487915039062,0.730808458830181,0.102533440840872,0.001138215593528,-2.94377546886262,11.3333333333333,11.3333333333333,11.3333333333333,0.739789862381785
"122","72","infected","longcilias",11,3145728,8,72,0.62568473815918,0.751799583435059,0.621074040730794,0.12865416208903,0.0004590364551404,-3.3381528228778,9,8.33333333333333,8.66666666666667,0.595208485921224
"123","72","infected","longcilias",12,3211264,8,72,0.387557983398438,0.624015029595823,0.568256300322864,0.0528720155054209,0.00014085230941415,-3.85123602792867,10.6666666666667,8.66666666666667,9,0.362929363639987
"124","72","infected","multicilia",1,3997696,8,72,0.760674648597592,0.909142666175717,0.330010836241675,0.563622396500384,0.00048550043720745,-3.31381037466084,1,1,9,0.747384243324155
"125","72","infected","multicilia",2,3735552,8,72,0.500815408271656,0.802632114343476,0.654373168945312,0.144855164645011,0.0002005561764235,-3.69776395873677,10,9.33333333333333,10,0.481170654296875
"126","72","infected","multicilia",6,3014656,7,72,0.593911212423573,0.811238496199898,0.766927967900815,0.0426572716754416,0.000267175870249,-3.57320276734512,8,7.33333333333333,7.33333333333333,0.566521686056386
"127","72","infected","multicilia",7,3866624,7,72,0.948651071322166,0.934314792439089,0.650938906912076,0.277121075129105,0.00103546422906215,-2.98486489956076,11.3333333333333,11.3333333333333,12,0.894347885907707
"128","72","infected","ruxcilia",5,1441792,3,72,0.278629649769176,0.75904013893821,0.733453924005682,0.0224657925692472,7.26515318092424e-05,-4.13875522445904,7,6.33333333333333,6.33333333333333,0.274806629527699
"129","72","infected","ruxcilia",6,1703936,3,72,0.169230534480168,0.695041949932392,0.656879131610577,0.0343968318058894,3.45760381605942e-05,-4.46122477114217,7.66666666666667,6.33333333333333,6.66666666666667,0.166921762319712
"130","72","mock","cilia",3,458752,3,72,0.838171822684152,0.96671622140067,0.881622314453125,0.0846208844866071,0.0007817682635504,-3.10692196405169,7.75,7.75,7.75,0.830858503069196
"131","72","mock","cilia",6,655360,4,72,0.652720642089844,0.845326232910156,0.827116394042969,0.0147750854492187,0.0003466205380391,-3.46014570796003,6.25,5.75,5.75,0.634201049804688
"132","72","mock","cilia",7,589824,2,72,0.603279961480035,0.901960584852431,0.830015394422743,0.0710652669270833,0.0003491223469609,-3.45702235155806,8,7.75,8,0.596343994140625
"133","72","mock","longcilia2",1,2162688,3,72,0.956212824041193,0.973991162849195,0.843554872455019,0.129431059866241,0.0019494502339512,-2.71008784711173,7.66666666666667,7.66666666666667,8,0.941864476059422
"134","72","mock","longcilia2",4,2293760,5,72,0.955863298688616,0.978330775669643,0.796162632533482,0.18133544921875,0.00186003872659055,-2.73047801354043,7.66666666666667,7.33333333333333,7.66666666666667,0.943664986746652
"135","72","mock","longcilia2",5,2359296,5,72,0.856050279405382,0.935344696044922,0.848040262858073,0.086677975124783,0.00165392406051975,-2.78148443484085,10.3333333333333,10.3333333333333,10.3333333333333,0.829419453938802
"136","72","mock","longcilia2",8,2228224,7,72,0.914869869456572,0.952400656307445,0.738638485179228,0.210827546961167,0.0019022583728656,-2.72073049565989,10.3333333333333,10.3333333333333,10.6666666666667,0.89089651668773
"137","72","mock","longcilia2",9,2293760,7,72,0.746602085658482,0.959256417410714,0.897826712472098,0.0597926548549107,0.0004922864318359,-3.3077821338799,6,5.66666666666667,6,0.741334315708705
"138","72","mock","longcilias",1,2228224,4,72,0.575184541590073,0.772591085994945,0.60094586540671,0.168549032772289,0.0002648579538799,-3.57698698034864,7.66666666666667,6.66666666666667,7.33333333333333,0.543022604549632
"139","72","mock","longcilias",2,2228224,4,72,0.432179619284237,0.617582433363971,0.553102381089154,0.0607946059283088,0.00017033944459395,-3.76868477314179,8.66666666666667,6.33333333333333,6.66666666666667,0.371599982766544
"140","72","mock","longcilias",7,2162688,7,72,0.682157574277936,0.755519520152699,0.638110074129972,0.114359537760417,0.00047400967741845,-3.32421279164548,12,11.3333333333333,11.6666666666667,0.618862730084044
"141","72","mock","longcilias",8,1900544,7,72,0.827351537244073,0.82794136836611,0.661726852943157,0.161626881566541,0.00103019288508215,-2.98708145385384,12,11.3333333333333,12,0.775188051421067
"142","72","mock","longcilias",9,2228224,8,72,0.439087362850414,0.665731542250689,0.569453968721278,0.093773785759421,0.00016123030945885,-3.79255331244792,9,7.33333333333333,7.66666666666667,0.408147475298713
"143","72","mock","longcilias",10,2293760,8,72,0.527464076450893,0.749225289481027,0.585691179547991,0.161329868861607,0.00022223108680915,-3.65319518983554,8,7,7.66666666666667,0.503912789481027
"144","72","mock","multicilia",4,3866624,8,72,0.575845492088189,0.909613140558792,0.508848028667903,0.397025156829317,0.00025920818734445,-3.58635128496835,8,7.33333333333333,9.33333333333333,0.562483189469677
"145","72","mock","multicilia",5,1966080,8,72,0.889289347330729,0.959644571940104,0.633072916666667,0.324363199869792,0.00072092624031935,-3.14210916671053,8.33333333333333,8,9,0.866758728027344
"146","72","mock","multicilia",8,2490368,7,72,0.731086730957031,0.864580254805715,0.815467031378495,0.0477760716488487,0.00048012872866815,-3.31864230709335,10,9,9.33333333333333,0.698442559493215
"147","72","mock","multicilia",9,2228224,7,72,0.467259126551011,0.725819756002987,0.70951753504136,0.0137580422794118,0.0001827534069889,-3.73813451793955,7.66666666666667,6.33333333333333,6.66666666666667,0.447029113769531
"148","72","mock","ruxcilia",7,720896,3,72,0.436551180752841,0.950481068004261,0.548697731711648,0.400647250088778,0.0001504480896983,-3.8226133223092,5.66666666666667,5.33333333333333,7,0.434915715997869
"149","96","infected","longcilia2",2,3997696,3,96,0.908228639696465,0.941123337042136,0.613432086882044,0.326750208119877,0.00197268172632895,-2.70494297843231,7.66666666666667,7.33333333333333,8,0.893214991835297
"150","96","infected","longcilia2",3,2228224,5,96,0.82676607019761,0.915733786190257,0.770831388585708,0.143346449908088,0.00112091033952305,-2.95042912478926,7.66666666666667,7.33333333333333,7.66666666666667,0.809051962459789
"151","96","infected","longcilia2",6,2424832,5,96,0.883358929608319,0.943322671426309,0.770904953415329,0.171363624366554,0.00178062811028205,-2.74942677481925,10.3333333333333,10.3333333333333,10.6666666666667,0.857223923141892
"152","96","infected","longcilia2",7,4980736,7,96,0.852771558259663,0.932783829538446,0.76283063386616,0.168873636346114,0.00145616050576785,-2.83679075213327,10,10,10.3333333333333,0.828962627210115
"153","96","infected","longcilia2",10,4390912,7,96,0.744716131865089,0.931659527678988,0.752606975498484,0.1767578125,0.00059863712522195,-3.22283635335105,7,6.66666666666667,7,0.737835556713503
"154","96","infected","longcilias",3,3866624,4,96,0.418223752813824,0.627374422752251,0.489414279743776,0.134679503360037,0.0001461968713556,-3.83506192127388,8.33333333333333,6.66666666666667,7,0.388660495564089
"155","96","infected","longcilias",4,2949120,4,96,0.390656195746528,0.622559271918403,0.551470947265625,0.0674214680989583,0.00015129041275935,-3.82018859225201,9.33333333333333,6.66666666666667,7,0.344726901584201
"156","96","infected","longcilias",5,2818048,7,96,0.680983787359193,0.803040615347929,0.641082763671875,0.159358179846475,0.00047797715524205,-3.32059285985108,11.6666666666667,11.3333333333333,11.6666666666667,0.637626825376999
"157","96","infected","longcilias",6,2490368,7,96,0.789560418379934,0.816201059441817,0.763573897512336,0.0515112625925164,0.0011479100212454,-2.94009215271209,11.6666666666667,11.3333333333333,11.6666666666667,0.736164695338199
"158","96","infected","longcilias",11,3145728,8,96,0.358953475952148,0.551541328430176,0.455518404642741,0.0927095413208008,0.0001260871431441,-3.89932919531625,10.3333333333333,6.33333333333333,7.33333333333333,0.326635042826335
"159","96","infected","longcilias",12,3211264,8,96,0.125435342594069,0.364522817183514,0.330998946209343,0.0288724315409758,9.17128418223001e-05,-4.03756984925819,24.6666666666667,7.66666666666667,8,0.0941243074378189
"160","96","mock","longcilia2",1,2162688,3,96,0.961207996715199,0.969789909593987,0.849517359878078,0.119357947147254,0.0020260300952941,-2.69335410777988,8,8,8,0.943925799745502
"161","96","mock","longcilia2",4,2293760,5,96,0.959744262695313,0.972823224748884,0.826395961216518,0.145771135602679,0.0019023097120225,-2.72071877484741,7.66666666666667,7.66666666666667,8,0.942152186802455
"162","96","mock","longcilia2",5,2359296,5,96,0.86629401312934,0.942693922254774,0.806144714355469,0.135932074652778,0.00167831225553525,-2.7751272340677,10.3333333333333,10,10.3333333333333,0.840653313530816
"163","96","mock","longcilia2",8,2228224,7,96,0.944834092084099,0.955003626206342,0.72034813376034,0.231858197380515,0.0024698500055819,-2.60732942071851,10.6666666666667,10.6666666666667,11,0.914263108197381
"164","96","mock","longcilia2",9,2293760,7,96,0.717483520507812,0.936359514508929,0.878290666852679,0.0566615513392857,0.0004212989879306,-3.37540958415986,6,5.66666666666667,6,0.705425589425223
"165","96","mock","longcilias",1,2228224,4,96,0.680629505830653,0.818755205939798,0.676603878245634,0.139982335707721,0.0004622561828,-3.33511727132517,8,7.33333333333333,7.66666666666667,0.651986514820772
"166","96","mock","longcilias",2,2228224,4,96,0.467084996840533,0.635701347799862,0.562380173627068,0.0696357278262868,0.00018427830218565,-3.73452579769355,8.66666666666667,6.66666666666667,7,0.403998431037454
"167","96","mock","longcilias",7,2162688,7,96,0.650327740293561,0.761486169063684,0.645988695549242,0.112932609789299,0.0003695114282891,-3.43237212515512,12.3333333333333,11.3333333333333,11.6666666666667,0.590471209901752
"168","96","mock","longcilias",8,1900544,7,96,0.802479711072198,0.803522044214709,0.7098414980132,0.091620083512931,0.00085078322445035,-3.07018108200462,12.3333333333333,12,12.3333333333333,0.733858305832435
"169","96","mock","longcilias",9,2228224,8,96,0.565623115090763,0.708449868594899,0.595674851361443,0.110728544347426,0.0002938060933956,-3.53193920139869,9.33333333333333,8.33333333333333,8.66666666666667,0.531779120950138
"170","96","mock","longcilias",10,2293760,8,96,0.549241856166295,0.754215785435268,0.629198346819196,0.122660173688616,0.0002432058972772,-3.61402589846224,8.33333333333333,7.33333333333333,8,0.519297572544643
"171","120","infected","multicilia",1,3997696,8,120,0.299093027583888,0.563293206887167,0.534419575675589,0.0253808693807633,0.00010621121327855,-3.97382963007263,9,5.33333333333333,5.66666666666667,0.278824102683146
"172","120","infected","multicilia",2,3735552,8,120,0.462714479680647,0.738220482541804,0.645386812979715,0.0905777780633224,0.0001677556647337,-3.77532280575822,9.66666666666667,8.66666666666667,9.33333333333333,0.44242805347108
"173","120","infected","multicilia",6,3014656,7,120,0.471396073051121,0.679668260657269,0.658278755519701,0.0188664975373641,0.0001781569299055,-3.74919727990198,8.33333333333333,7,7,0.451445538064708
"174","120","infected","multicilia",7,3866624,7,120,0.570517329846398,0.7716576527741,0.757663532838983,0.0122272038863877,0.0002586404589237,-3.58730353779702,10,9.33333333333333,9.66666666666667,0.538780341714115
"175","120","mock","multicilia",4,3866624,8,120,0.688187421378443,0.913438958636785,0.760528564453125,0.152013746358581,0.0005468910967465,-3.26209914677614,9.33333333333333,9,9.33333333333333,0.66525604765294
"176","120","mock","multicilia",5,1966080,8,120,0.893656921386719,0.944827779134115,0.846442159016927,0.0976806640625,0.0013860268518328,-2.85822835595216,9,9,9.33333333333333,0.859868876139323
"177","120","mock","multicilia",8,2490368,7,120,0.807843660053454,0.915213333932977,0.896068372224507,0.0183800145199424,0.0007260919082909,-3.13900840307784,9.33333333333333,8.66666666666667,8.66666666666667,0.786823071931538
"178","120","mock","multicilia",9,2228224,7,120,0.606469098259421,0.824820125804228,0.813932979808134,0.00943756103515625,0.00031436586868945,-3.50256461226531,8,7.66666666666667,7.66666666666667,0.596693599925322
"179","168","infected","longcilia2",2,3997696,3,168,0.677889714475538,0.882167378409964,0.535013918016778,0.345707127305328,0.00061785706202495,-3.20911198503075,5.66666666666667,5,6.66666666666667,0.673994971103355
"180","168","infected","longcilia2",3,2228224,5,168,0.481887368594899,0.775230407714844,0.587755091050092,0.18543602438534,0.00018278020434075,-3.73807084148573,6.66666666666667,6,6.66666666666667,0.476298163918888
"181","168","infected","longcilia2",6,2424832,5,168,0.561187331740921,0.820703042520059,0.790312071104307,0.0289731412320524,0.0002906266454374,-3.53666457091981,9.66666666666667,9,9,0.542593878668708
"182","168","infected","longcilia2",7,4980736,7,168,0.641618628250925,0.852074472527755,0.613678380062706,0.236623262104235,0.00051581679144865,-3.28750452432532,8.33333333333333,7.66666666666667,9,0.628459127325761
"183","168","infected","longcilia2",10,4390912,7,168,0.705478952891791,0.898555698679454,0.810468759109725,0.0871814329232743,0.0005287828680593,-3.27672262392302,7.33333333333333,7,7,0.691371860788829
"184","168","infected","longcilias",3,3866624,4,168,0.482471789343882,0.668577032574153,0.441767547090175,0.223995661331435,0.00018396653467785,-3.73526117224391,7.66666666666667,5.66666666666667,7,0.446181475105932
"185","168","infected","longcilias",4,2949120,4,168,0.384121365017361,0.582146199544271,0.5414794921875,0.0371931287977431,0.000141072065162,-3.85055897594866,10.3333333333333,7,7,0.33635016547309
"186","168","infected","longcilias",5,2818048,7,168,0.715903348700945,0.791776435319767,0.610541055368823,0.17931277252907,0.00061259319772935,-3.21282782993413,12.6666666666667,12.3333333333333,12.6666666666667,0.648262556209121
"187","168","infected","longcilias",6,2490368,7,168,0.743593717876234,0.774273922568873,0.684702421489515,0.0881030434056332,0.00086528930114575,-3.06283866607821,12.6666666666667,12.3333333333333,12.6666666666667,0.669925890470806
"188","168","infected","longcilias",11,3145728,8,168,0.234458287556966,0.467766125996908,0.436369895935059,0.0268697738647461,9.3330439995043e-05,-4.02997668673813,17.3333333333333,5,5.33333333333333,0.206671078999837
"189","168","infected","longcilias",12,3211264,8,168,0.108144643355389,0.345337848274075,0.308929131955517,0.0317678646165497,7.25614227121696e-05,-4.13929421065045,26,5.66666666666667,6,0.0824036890146684
"190","168","mock","longcilia2",1,2162688,3,168,0.96935341574929,0.967440980853456,0.850964632901278,0.115987604314631,0.00212663633283225,-2.67230677062751,8.33333333333333,8.33333333333333,8.33333333333333,0.946992353959517
"191","168","mock","longcilia2",4,2293760,5,168,0.910748726981027,0.944405691964286,0.807472011021205,0.135730852399554,0.00181149522541085,-2.74196280630538,8,8,8,0.890958949497768
"192","168","mock","longcilia2",5,2359296,5,168,0.884933895534939,0.92923100789388,0.831219143337674,0.0973917643229167,0.0022057327441871,-2.65644710964673,10.6666666666667,10.6666666666667,11,0.853889465332031
"193","168","mock","longcilia2",8,2228224,7,168,0.915367575252757,0.936424704159007,0.752841725068934,0.182624816894531,0.00222648226190355,-2.65238076048709,11,10.6666666666667,11,0.882183748133042
"194","168","mock","longcilia2",9,2293760,7,168,0.754160417829241,0.933600289481027,0.891416713169643,0.0410282679966518,0.0006100572645664,-3.21462939692707,6.66666666666667,6.33333333333333,6.33333333333333,0.745449829101563
"195","168","mock","longcilias",1,2228224,4,168,0.698537041159237,0.807070563821232,0.702743979061351,0.102847379796645,0.0005145141331013,-3.28860269117765,8.66666666666667,8,8.33333333333333,0.660103293026195
"196","168","mock","longcilias",2,2228224,4,168,0.524084203383502,0.696811451631434,0.590753891888787,0.103762009564568,0.0002150364016415,-3.66748801592684,8.33333333333333,6.66666666666667,7,0.473863040699678
"197","168","mock","longcilias",7,2162688,7,168,0.69168691924124,0.748832471442945,0.584341338186553,0.161884192264441,0.00046131058479655,-3.33600658036686,12.3333333333333,11.3333333333333,12,0.62381767504143
"198","168","mock","longcilias",8,1900544,7,168,0.66052035627694,0.753394817483836,0.660882884058459,0.0912854424838362,0.0005096620006952,-3.2927177452695,12.3333333333333,12,12,0.615291200835129
"199","168","mock","longcilias",9,2228224,8,168,0.653335122501149,0.778664532829733,0.694784725413603,0.0822412827435662,0.00045624667836815,-3.34080028433631,9.33333333333333,9,9,0.613250732421875
"200","168","mock","longcilias",10,2293760,8,168,0.679731096540179,0.789621843610491,0.730428205217634,0.05738525390625,0.0005404730618465,-3.26722594719262,9,8.66666666666667,8.66666666666667,0.642888532366071
